date,Lagged_Return_1d,High_Low_Range,Range_Change,Volatility_5d,Volatility_20d,Volume,Volume_Change,Volume_MA5,Volume_MA20,Low,High
1/31/2022,0.008740323,0.263225662,0.02820173,0.052510181,0.085318772,123000,-0.391089109,237320,325560,18.3600706,18.62329626
2/1/2022,0.009683947,0.206822221,-0.056403441,0.051490373,0.081743793,123900,0.007317073,175100,313725,18.46348068,18.6703029
2/2/2022,0.002524077,0.178616898,-0.028205323,0.050886297,0.080228931,112100,-0.095238095,159960,298220,18.60449536,18.78311225
2/3/2022,0.006042181,0.103411105,-0.075205792,0.06128636,0.082244373,243900,1.17573595,160980,294635,18.52928618,18.63269728
2/4/2022,-0.00800799,0.112812286,0.009401181,0.066673336,0.083412398,108100,-0.556785568,142200,288650,18.49168459,18.60449687
2/7/2022,-0.00151349,0.094009931,-0.018802355,0.050363017,0.08277282,165100,0.527289547,150620,288890,18.51048533,18.60449526
2/8/2022,-8.68E-08,0.122213453,0.028203522,0.033236642,0.084276415,208100,0.260448213,167460,277920,18.37887138,18.50108484
2/9/2022,-0.005558357,0.150415189,0.028201736,0.021642429,0.084276415,420200,1.019221528,229080,287590,18.6797049,18.83012009
2/10/2022,0.017784646,0.197419241,0.047004052,0.040215253,0.084276409,168400,-0.599238458,213980,289000,18.58569283,18.78311207
2/11/2022,-0.002496427,0.235023936,0.037604695,0.056795693,0.084767579,283300,0.682304038,249020,288275,18.42587692,18.66090085
2/14/2022,-0.006506441,0.178618701,-0.056405235,0.043284864,0.083600386,252500,-0.108718673,266500,292665,18.1720514,18.3506701
2/15/2022,-0.016624639,0.131612833,-0.047005868,0.040435135,0.079434959,102200,-0.595247525,245320,269325,18.41647607,18.54808891
2/16/2022,0.010758125,0.216221597,0.084608765,0.039662761,0.079219456,59800,-0.414872798,173240,247530,18.44467983,18.66090143
2/17/2022,0.006082164,0.1786187,-0.037602897,0.039884952,0.079219456,281700,3.710702341,195900,244780,18.57629281,18.75491151
2/18/2022,0.005037811,0.103409315,-0.075209386,0.044294839,0.080551442,114800,-0.592474263,162200,225645,18.604496,18.70790532
2/22/2022,-0.002506341,0.225624582,0.122215267,0.052930815,0.055314808,286900,1.49912892,169080,205880,18.29426436,18.51988895
2/23/2022,-0.010050103,0.225622749,-1.83E-06,0.052089091,0.05427061,222600,-0.224119902,193160,195260,18.46347869,18.68910144
2/24/2022,0.009136798,0.460646705,0.235023955,0.13371202,0.082604212,423100,0.900718778,265820,207025,17.89002286,18.35066956
2/25/2022,-0.018108515,0.103411103,-0.357235602,0.145851294,0.083840836,219100,-0.482155519,253300,206040,18.34126771,18.44467881
2/28/2022,0.005122933,0.122213453,0.01880235,0.142168684,0.084173024,193900,-0.115015974,269120,205635,18.2472586,18.36947206
3/1/2022,-0.004077423,0.178618705,0.056405252,0.143868031,0.081891678,142500,-0.265085095,240240,206610,18.24725944,18.42587814
3/2/2022,0.003070643,0.178618702,-3.48E-09,0.144786554,0.081580084,176800,0.240701754,231080,209255,18.23785791,18.41647661
3/3/2022,-0.000510235,0.150415173,-0.028203529,0.033633761,0.081755233,134200,-0.240950226,173300,210360,18.53868705,18.68910222
3/4/2022,0.014803353,0.131612845,-0.018802327,0.02608668,0.080720342,134400,0.001490313,156360,204885,18.36947375,18.5010866
3/7/2022,-0.010060174,0.263227489,0.131614644,0.050363595,0.081637185,221100,0.645089286,161800,210535,18.06864196,18.33186945
3/8/2022,-0.009146336,0.159816354,-0.103411135,0.051233489,0.079177171,232500,0.05156038,179800,213905,17.80541453,17.96523088
3/9/2022,-0.020000064,0.159816339,-1.51E-08,0.051748395,0.078029183,170200,-0.267956989,178480,212010,17.86181808,18.02163442
3/10/2022,0.003139594,0.25382629,0.094009952,0.060415754,0.078860818,184500,0.084018801,188540,200225,17.79601336,18.04983965
3/11/2022,0.001565076,0.347834431,0.094008141,0.079325064,0.086166543,258500,0.401084011,213360,204730,17.41997528,17.76780971
3/14/2022,-0.015625066,0.225622762,-0.12221167,0.077976589,0.085992271,292200,0.130367505,227580,205175,17.05333608,17.27895884
3/15/2022,-0.027513288,0.235023944,0.009401182,0.0677909,0.086186785,293000,0.002737851,239680,207200,17.10974384,17.34476778
3/16/2022,0.003808617,0.319632692,0.084608748,0.054249012,0.088266484,331100,0.13003413,271860,218645,17.34476696,17.66439965
3/17/2022,0.018428144,0.12221345,-0.197419243,0.088837212,0.090504097,252600,-0.237088493,285480,228285,17.44817632,17.57038977
3/18/2022,-0.005321997,0.244425096,0.122211646,0.070538188,0.090602985,151400,-0.400633413,264060,221770,17.48578029,17.73020539
3/21/2022,0.009095735,0.244425107,1.09E-08,0.070788314,0.087248684,183500,0.212021136,242320,225205,17.84301666,18.08744177
3/22/2022,0.020148463,0.178618684,-0.065806423,0.074794908,0.087654238,148600,-0.190190736,213440,218290,17.98402984,18.16264852
3/23/2022,0.004157954,0.131614625,-0.047004059,0.058933889,0.089570168,104700,-0.295423957,168160,212395,18.05923858,18.19085321
3/24/2022,0.001552895,0.122213464,-0.009401161,0.058933886,0.069578834,112500,0.074498567,140140,196865,18.00283506,18.12504852
3/25/2022,-0.00361746,0.103411112,-0.018802351,0.056639995,0.069578833,102300,-0.090666667,130320,191025,17.94642907,18.04984019
3/28/2022,-0.004149414,0.216221591,0.112810478,0.046054591,0.06764676,225600,1.205278592,138740,192610,17.65499873,17.87122032
3/29/2022,-0.009895925,0.131612822,-0.084608769,0.043589992,0.069168228,115100,-0.489804965,132040,191240,17.86181794,17.99343076
3/30/2022,0.006838394,0.14101579,0.009402968,0.043284845,0.070169662,222800,0.93570808,155660,193540,17.75840721,17.899423
3/31/2022,-0.00522456,0.216221606,0.075205817,0.051662072,0.069552092,82800,-0.628366248,149720,190970,17.70200407,17.91822568
4/1/2022,0.001050463,0.141014002,-0.075207605,0.043080321,0.069114324,135800,0.640096618,156420,191040,17.93702659,18.0780406
4/4/2022,0.008919126,0.169215741,0.02820174,0.034541026,0.067617498,203700,0.5,152040,190170,18.13444924,18.30366498
4/5/2022,0.012480577,0.2068222,0.037606459,0.035549981,0.067212143,150700,-0.260186549,159160,186080,18.06863859,18.27546079
4/6/2022,-0.001540904,0.23502396,0.02820176,0.037955137,0.067212136,189000,0.254147313,152400,187020,17.88062334,18.1156473
4/7/2022,-0.008744704,0.178618703,-0.056405258,0.036044248,0.066095551,101700,-0.461904762,156180,182880,17.78661248,17.96523118
4/8/2022,-0.008303105,0.112810485,-0.065808218,0.045766977,0.057989392,146000,0.435594887,158220,177255,17.63619629,17.74900677
4/11/2022,-0.012035716,0.131614629,0.018804144,0.050887147,0.058229504,253300,0.734931507,168140,175310,17.52338484,17.65499947
4/12/2022,-0.005296483,0.122213457,-0.009401172,0.050886853,0.057989341,92300,-0.635609949,156460,165275,17.43877616,17.56098962
4/13/2022,-0.005324828,0.282029823,0.159816367,0.069909619,0.053430652,115300,0.249187432,141720,154485,17.36356925,17.64559907
4/14/2022,0.004818034,0.169215715,-0.112814108,0.069592818,0.052164252,100500,-0.128360798,141480,146880,17.42937469,17.59859041
4/18/2022,-0.002664044,0.37603796,0.206822244,0.109632813,0.06755747,197200,0.962189055,151720,149170,16.92172432,17.29776228
4/19/2022,-0.017093877,0.11281049,-0.263227469,0.113514581,0.067412781,326700,0.656693712,166400,156330,16.62089378,16.73370427
4/20/2022,-0.032608727,0.159816349,0.047005858,0.107105379,0.067474851,229700,-0.296908479,193880,160385,16.45167556,16.61149191
4/21/2022,-0.007303365,0.16921754,0.009401191,0.102552474,0.066781966,315600,0.373966043,233940,170930,16.31066337,16.47988091
4/22/2022,-0.007922889,0.216221597,0.047004057,0.101469434,0.066187309,184800,-0.414448669,250800,174545,16.22605324,16.44227484
4/25/2022,-0.002281939,0.150416961,-0.065804636,0.037249689,0.064144075,487300,1.636904762,308820,193795,15.4739743,15.62439126
4/26/2022,-0.049742726,0.188018082,0.037601121,0.026085875,0.063658197,232600,-0.52267597,290000,194145,15.6996004,15.88761848
4/27/2022,0.016847199,0.131612848,-0.056405234,0.032835754,0.063658196,237300,0.020206363,291520,200255,15.89702096,16.02863381
4/28/2022,0.0088758,0.131612833,-1.43E-08,0.03736784,0.063998953,340100,0.433206911,296420,206120,15.81241048,15.94402331
4/29/2022,-0.00527871,0.150415171,0.018802337,0.023027343,0.063731305,282200,-0.170244046,315900,216090,16.00042945,16.15084462
5/2/2022,0.012971714,0.094009934,-0.056405236,0.034154924,0.065946213,222400,-0.211906449,262920,220420,16.00043023,16.09444016
5/3/2022,-0.003492354,0.094009932,-2.04E-09,0.025225058,0.068356728,237700,0.068794964,263940,222120,16.10383919,16.19784912
5/4/2022,0.006425136,0.197421058,0.103411125,0.043285438,0.06812667,314200,0.321834245,279320,230295,15.87821808,16.07563913
5/5/2022,-0.007544828,0.216221589,0.018800531,0.056795994,0.067309256,269700,-0.141629535,265240,234330,15.81241,16.02863159
5/6/2022,-0.002924148,0.141013998,-0.075207591,0.05695141,0.067557583,233800,-0.133110864,255560,240935,15.58678687,15.72780087
5/9/2022,-0.018768335,0.291430971,0.150416972,0.075208037,0.071652456,517700,1.214285714,314620,259520,14.78770557,15.07913654
5/10/2022,-0.041243167,0.169217527,-0.122213444,0.057029538,0.070908576,327400,-0.367587406,332560,263225,15.05093363,15.22015116
5/11/2022,0.009351637,0.150415175,-0.018802352,0.061861415,0.070012463,243800,-0.255345144,318480,270800,15.09793708,15.24835225
5/12/2022,0.001852879,0.197420161,0.047004986,0.0607078,0.06593212,694000,1.84659557,403340,299735,14.33646145,14.53388161
5/13/2022,-0.046855596,0.188018978,-0.009401182,0.054574702,0.065974427,492000,-0.291066282,454980,319310,14.14844179,14.33646077
5/16/2022,-0.013583491,0.112812285,-0.075206693,0.033633597,0.047768111,347400,-0.293902439,420920,326820,14.04503089,14.15784318
5/17/2022,-0.012458974,0.103410207,-0.009402078,0.042564536,0.048331966,442600,0.274035694,443960,332615,14.62788985,14.73130006
5/18/2022,0.040504537,0.300831256,0.197421049,0.079603551,0.057344358,141100,-0.681201988,423420,328185,14.47747451,14.77830577
5/19/2022,0.003190873,0.122212562,-0.178618694,0.082653772,0.058319582,170400,0.207654146,318700,320925,14.58088615,14.70309872
5/20/2022,-0.005089017,0.291429183,0.169216621,0.100682404,0.063804237,140600,-0.174882629,248420,318715,14.46807406,14.75950324
5/23/2022,0.003836234,0.122212553,-0.16921663,0.099045311,0.064592208,224800,0.59886202,223900,305590,14.37406379,14.49627634
5/24/2022,-0.017834401,0.10341021,-0.018802344,0.099045311,0.066081937,244700,0.088523132,184320,306195,14.44927159,14.5526818
5/25/2022,0.003891031,0.112811393,0.009401183,0.079213693,0.066719398,323800,0.323252963,220860,310520,14.6748957,14.78770709
5/26/2022,0.016149964,0.065807311,-0.047004081,0.087786716,0.069970844,279900,-0.135577517,242760,307510,14.75010178,14.81590909
5/27/2022,0.001907124,0.037603797,-0.028203515,0.035549931,0.075237115,149400,-0.466237942,244520,300870,14.91932049,14.95692429
5/31/2022,0.009517823,0.188018996,0.1504152,0.056951342,0.074115929,317300,1.123828648,263020,305615,15.00393026,15.19194926
6/1/2022,0.015713456,0.169217515,-0.018801481,0.06458661,0.072465827,159900,-0.496060511,246060,301725,15.06033373,15.22955125
6/2/2022,0.002475126,0.094009933,-0.075207582,0.065267192,0.07363897,225600,0.410881801,226420,297295,14.96632427,15.06033421
6/3/2022,-0.011111098,0.13161283,0.037602897,0.0603421,0.072594092,174500,-0.226507092,205340,292535,14.85351291,14.98512574
6/6/2022,-0.004993811,0.169216633,0.037603803,0.037603689,0.072589274,146200,-0.16217765,204700,288155,14.85351372,15.02273035
6/7/2022,0.002509462,0.094009044,-0.07520759,0.037603793,0.066367998,172300,0.178522572,175700,270885,14.85351407,14.94752312
6/8/2022,-0.005006229,0.103410216,0.009401172,0.032293124,0.066795899,222900,0.293673825,188300,265660,14.98512679,15.08853701
6/9/2022,0.00943393,0.141014,0.037603784,0.030171019,0.066773264,138700,-0.377747869,170920,260405,14.966324,15.107338
6/10/2022,0.001246045,0.159816345,0.018802345,0.033502308,0.065663398,217000,0.564527758,179420,236555,14.69369626,14.85351261
6/13/2022,-0.016801464,0.272627744,0.112811399,0.071472188,0.071361283,468200,1.157603687,243820,235365,14.03563047,14.30825821
6/14/2022,-0.036708785,0.178617799,-0.094009945,0.06320363,0.071327068,115300,-0.753737719,232420,223760,14.11083752,14.28945532
6/15/2022,-0.001314129,0.235023939,0.056406139,0.054816638,0.073041144,275100,1.385949696,242860,215385,13.90401617,14.13904011
6/16/2022,-0.010526308,0.178617796,-0.056406142,0.047192518,0.064816662,403600,0.467102872,295840,228510,13.87581334,14.05443114
6/17/2022,-0.005984068,0.122212554,-0.056405243,0.057951416,0.064816663,117400,-0.709117939,275920,225860,13.83820952,13.96042207
6/21/2022,-0.006688927,0.169216624,0.04700407,0.040105839,0.055765005,351000,1.989778535,252480,236380,13.64078942,13.81000605
6/22/2022,-0.010774461,0.197420151,0.028203528,0.041192946,0.056855398,189300,-0.460683761,267280,234605,13.44336995,13.64079011
6/23/2022,-0.01225314,0.188018963,-0.009401189,0.029279039,0.056652542,270400,0.428420497,266340,235890,13.63138781,13.81940677
6/24/2022,0.013094305,0.169217527,-0.018801436,0.028975634,0.056083162,175700,-0.350221893,220760,228485,13.77240276,13.94162029
6/27/2022,0.008843615,0.18801898,0.018801453,0.012612765,0.052606044,292100,0.662492886,255700,229095,13.91341796,14.10143694
6/28/2022,0.011463277,0.216221589,0.028202609,0.017077459,0.045537116,109800,-0.624101335,207460,227115,13.87581331,14.0920349
6/29/2022,-0.000666744,0.169217525,-0.047004064,0.019265924,0.045301569,115100,0.048269581,192620,217005,13.79120499,13.96042251
6/30/2022,-0.009339488,0.169217532,7.04E-09,0.020596136,0.045301569,238700,1.073848827,186280,220945,13.48097402,13.65019155
7/1/2022,-0.022222176,0.150415187,-0.018802345,0.024872398,0.042141888,325200,0.362379556,216180,225925,13.48097413,13.63138932
7/5/2022,-0.001377433,0.26322655,0.112811363,0.045862601,0.045913521,986600,2.033825338,355080,266530,13.16134003,13.42456658
7/6/2022,-0.015172536,0.197420135,-0.065806415,0.044294229,0.046103084,375900,-0.618994527,408300,278015,12.93571717,13.1331373
7/7/2022,-0.021708655,0.084608758,-0.112811377,0.065334836,0.047044325,219900,-0.41500399,429260,280395,13.23654759,13.32115635
7/8/2022,0.014316385,0.225622768,0.14101401,0.069274139,0.044772174,203000,-0.076853115,422120,279400,13.24594942,13.47157219
7/11/2022,0.0112915,0.112811381,-0.112811387,0.075617707,0.04659723,95800,-0.528078818,376240,277255,13.31175548,13.42456686
7/12/2022,-0.003489224,0.112811391,1.00E-08,0.061142301,0.048922491,112600,0.175365344,201440,272035,13.4057666,13.51857799
7/13/2022,0.007002918,0.159816352,0.047004961,0.055377858,0.043933158,209900,0.864120782,168240,259120,13.31175587,13.47157222
7/14/2022,-0.003477124,0.084608767,-0.075207584,0.055377856,0.048271599,204700,-0.024773702,165200,263590,13.39636543,13.4809742
7/15/2022,0.000697913,0.159815456,0.075206689,0.032970215,0.045778959,179200,-0.124572545,160440,258795,13.4151671,13.57498255
7/18/2022,0.00697341,0.15981635,8.94E-07,0.034922851,0.045697604,316200,0.764508929,204520,254425,13.39636451,13.55618086
7/19/2022,-0.001385025,0.094009938,-0.065806412,0.038760885,0.047487093,78800,-0.750790639,197760,252495,13.55618137,13.65019131
7/20/2022,0.006934877,0.08460876,-0.009401178,0.039662369,0.050623294,177600,1.253807107,191300,243825,13.67839319,13.76300195
7/21/2022,0.0082644,0.112811387,0.028202627,0.035797481,0.050809019,74500,-0.580518018,165260,238085,13.70659649,13.81940788
7/22/2022,0.004098374,0.131612825,0.018801438,0.030170921,0.050450735,135000,0.812080537,156420,231315,13.60318509,13.73479792
7/25/2022,-0.006122546,0.084608763,-0.047004062,0.020380469,0.052464252,98100,-0.273333333,112800,227435,13.65959126,13.74420002
7/26/2022,0.000684546,0.131613738,0.047004975,0.023596078,0.051714146,133400,0.359836901,123720,219500,13.47157302,13.60318676
7/27/2022,-0.010259838,0.206821314,0.075207576,0.045281083,0.051073862,56700,-0.574962519,99540,216845,13.54677946,13.75360078
7/28/2022,0.011057263,0.169216632,-0.037604682,0.045862774,0.05107384,134900,1.379188713,111620,217835,13.76300263,13.93221927
7/29/2022,0.012987035,0.103410206,-0.065806425,0.049477981,0.051533966,107000,-0.206819867,106020,211250,13.76300166,13.86641186
8/1/2022,-0.004723397,0.188018968,0.084608762,0.042042419,0.052552857,503300,3.703738318,187060,220155,13.95102088,14.13903984
8/2/2022,0.019661033,0.112811384,-0.075207584,0.045862913,0.044668136,147000,-0.707927677,189780,178175,14.12023884,14.23305023
8/3/2022,0.006648993,0.169216631,0.056405247,0.037838034,0.043037274,183300,0.246938776,215100,168545,14.1484417,14.31765833
8/4/2022,0.005944482,0.150416074,-0.018800557,0.036166195,0.041516217,304600,0.661756683,249040,172780,14.20484653,14.35526261
8/5/2022,0.002626426,0.09400993,-0.056406143,0.038988272,0.03703977,139700,-0.541365726,255580,169615,14.28945473,14.38346466
8/8/2022,0.00196458,0.094009936,6.05E-09,0.034155171,0.037761091,462900,2.313528991,247500,187970,14.37406442,14.46807435
8/9/2022,0.005882428,0.084608763,-0.009401174,0.038532271,0.038952542,118600,-0.743789155,241820,188270,14.43987071,14.52447948
8/10/2022,0.003898592,0.094009041,0.009400278,0.026590215,0.038973452,137300,0.15767285,232620,184640,14.5056783,14.59968734
8/11/2022,0.005178007,0.141014905,0.047005864,0.022444674,0.037884101,249600,0.81791697,221620,186885,14.44927204,14.59028694
8/12/2022,-0.000643877,0.159816348,0.018801443,0.033502372,0.03788414,78000,-0.6875,209280,181825,14.59968663,14.75950298
8/15/2022,0.011597855,0.084608769,-0.075207579,0.035175306,0.038323595,115200,0.476923077,139740,171775,14.73130184,14.81591061
8/16/2022,0.003821784,0.09400994,0.009401171,0.03350237,0.038323595,84100,-0.269965278,132840,172040,14.68429649,14.77830643
8/17/2022,-0.002538095,0.112811381,0.018801441,0.031601777,0.037280775,131800,0.567181926,131740,169750,14.7407015,14.85351288
8/18/2022,0.005088977,0.094009936,-0.018801445,0.030170974,0.03786263,293600,1.227617602,140540,180705,14.64669216,14.74070209
8/19/2022,-0.00759489,0.141014898,0.047004962,0.022444556,0.038006722,151100,-0.485354223,155160,181510,14.44927133,14.59028622
8/22/2022,-0.010204118,0.056406144,-0.084608754,0.030894694,0.040070968,76400,-0.494374586,147400,180425,14.33646145,14.3928676
8/23/2022,-0.013530826,0.150416083,0.094009939,0.037838244,0.040475232,222800,1.916230366,175140,184895,14.4398714,14.59028748
8/24/2022,0.013716508,0.112811389,-0.037604694,0.037838244,0.03564796,73700,-0.669210054,163520,185745,14.58088615,14.69369754
8/25/2022,0.007087596,0.150415171,0.037603782,0.039884898,0.034521079,389700,4.287652646,182740,198485,14.70309729,14.85351247
8/26/2022,0.010876427,0.347835325,0.197420154,0.109954892,0.061381466,452300,0.160636387,242980,215750,14.38346535,14.73130068
8/29/2022,-0.008227804,0.112811388,-0.235023936,0.098508347,0.060032949,359700,-0.204731373,299640,208570,14.3082583,14.42106968
8/30/2022,-0.021059308,0.122212553,0.009401165,0.101032939,0.059945715,89600,-0.750903531,273000,205700,14.22364861,14.34586116
8/31/2022,-0.005215183,0.10341021,-0.018802343,0.102423003,0.059386402,259000,1.890625,310060,209485,14.35526258,14.45867279
9/1/2022,0.007863706,0.103410215,4.93E-09,0.106442792,0.05925898,101800,-0.606949807,252480,199345,14.2330507,14.33646092
9/2/2022,-0.008452496,0.131613726,0.028203511,0.012257627,0.058896809,41900,-0.588408644,170400,194455,14.2612524,14.39286613
9/6/2022,0.003934389,0.131612832,-8.94E-07,0.014257376,0.058468783,401700,8.587112172,178800,191395,14.12023869,14.25185153
9/7/2022,-0.009797535,0.169217518,0.037604686,0.02708414,0.05834336,135900,-0.661687827,188060,192260,13.86641202,14.03562954
9/8/2022,-0.015171501,0.094009936,-0.075207582,0.029429707,0.058343331,88900,-0.345842531,154040,189840,13.94162026,14.0356302
9/9/2022,4.69E-08,0.141014005,0.047004069,0.026920186,0.058343322,506800,4.700787402,235040,202700,14.06383255,14.20484656
9/12/2022,0.0120562,0.112811386,-0.028202619,0.028514472,0.058053599,122800,-0.757695343,251220,204940,14.15784285,14.27065423
9/13/2022,0.004632762,0.329033884,0.216222498,0.093774385,0.072337245,514200,3.187296417,273720,224890,13.73479912,14.063833
9/14/2022,-0.014492765,0.141014903,-0.188018981,0.094618763,0.071504565,442700,-0.139050953,335080,242820,13.81940758,13.96042249
9/15/2022,-0.00735294,0.197420135,0.056405232,0.086570673,0.072131185,358300,-0.190648295,388960,254145,13.74419919,13.94161932
9/16/2022,-0.001346891,0.094009937,-0.103410199,0.094618708,0.072131185,212900,-0.405805191,330180,250110,13.63138881,13.72539875
9/19/2022,-0.015509,0.09400904,-8.97E-07,0.098013862,0.073100058,150900,-0.291216534,335800,250100,13.45277101,13.54678005
9/20/2022,-0.013013735,0.075207593,-0.018801447,0.049478087,0.072016684,291100,0.929092114,291180,260835,13.46217167,13.53737926
9/21/2022,-0.00069395,0.141014006,0.065806413,0.049477993,0.072015068,206400,-0.290965304,243920,260015,13.39636463,13.53737864
9/22/2022,-4.64E-08,0.188019868,0.047005862,0.045863068,0.072195714,186800,-0.09496124,209620,265670,13.33995834,13.52797821
9/23/2022,-0.000694405,0.103410209,-0.084609658,0.044790764,0.07290897,125600,-0.327623126,192160,252465,13.16134045,13.26475066
9/26/2022,-0.019458011,0.263227464,0.159817255,0.074202497,0.062304989,393400,2.132165605,240660,249520,12.75709945,13.02032691
9/27/2022,-0.018426561,0.150415186,-0.112812278,0.060561881,0.061930577,207700,-0.472038638,223980,241920,12.71009579,12.86051098
9/28/2022,-0.012274341,0.150415178,-8.10E-09,0.059605752,0.061721802,225900,0.087626384,227880,248735,12.57848138,12.72889656
9/29/2022,-0.010233996,0.319632703,0.169217525,0.090171106,0.072002251,188300,-0.16644533,228180,245200,12.2682499,12.5878826
9/30/2022,-0.011078254,0.394840297,0.075207593,0.106857219,0.088325954,1644200,7.73181094,531900,322320,12.26825002,12.66309032
10/3/2022,0.005974612,0.263226581,-0.131613715,0.106857203,0.090114171,287900,-0.824899647,510800,334620,11.95801919,12.22124577
10/4/2022,-0.034892316,0.141014016,-0.122212565,0.109229422,0.089885465,418400,0.45328239,552940,335455,12.04262796,12.18364198
10/5/2022,-0.00307692,0.188019873,0.047005857,0.101338678,0.08988547,652900,0.560468451,638340,361305,12.08963138,12.27765125
10/6/2022,0.007716024,0.112811395,-0.075208478,0.113124463,0.089043213,214200,-0.671925257,643520,367570,11.86400958,11.97682098
10/7/2022,-0.024502265,0.25382538,0.141013985,0.066673847,0.090009572,717100,2.347805789,458100,378085,11.47856886,11.73239424
10/10/2022,-0.020408315,0.225623677,-0.028201703,0.058179788,0.088729204,342700,-0.522102915,469060,389080,11.58198016,11.80760384
10/11/2022,0.006410422,0.235023944,0.009400267,0.055854617,0.083377905,633600,0.848847388,512100,395050,11.17773909,11.41276303
10/12/2022,-0.033439538,0.150415184,-0.08460876,0.06070722,0.083133494,257200,-0.594065657,432960,385775,11.46916851,11.6195837
10/13/2022,0.018121875,0.479448163,0.329032979,0.124113705,0.105807205,635200,1.469673406,517160,399620,11.29995162,11.77939978
10/14/2022,0.013754028,0.366637661,-0.112810502,0.130771093,0.108792992,123000,-0.806360202,398340,395125,11.5161728,11.88281046
10/17/2022,0.008778943,0.084608765,-0.282028896,0.16036813,0.109361182,173100,0.407317073,364420,396235,11.55377728,11.63838604
10/18/2022,-0.02056958,0.131612828,0.047004063,0.171216092,0.106267825,407100,1.351819757,319120,402035,11.61018259,11.74179542
10/19/2022,0.008885199,0.169217522,0.037604694,0.16887727,0.105387641,308200,-0.242937853,329320,407125,11.44096539,11.61018291
10/20/2022,-0.011208891,0.159816346,-0.009401176,0.108131604,0.106004861,149600,-0.514600909,232200,405265,11.3751587,11.53497505
10/21/2022,-0.00647775,0.282028906,0.12221256,0.073001426,0.103409394,891100,4.956550802,385820,443540,10.88630877,11.16833767
10/24/2022,-0.031784843,0.150415174,-0.131613732,0.059457069,0.104349715,689800,-0.225900572,489160,458360,10.59487937,10.74529454
10/25/2022,-0.037878791,0.11281138,-0.037603795,0.063621742,0.106003743,471600,-0.316323572,502060,471555,10.61368072,10.7264921
10/26/2022,-0.00174983,0.272627718,0.159816338,0.076777765,0.105388726,695200,0.474130619,579460,495020,10.58547782,10.85810553
10/27/2022,0.012269942,0.103410216,-0.169217502,0.086825511,0.106222921,496900,-0.285241657,648920,510450,11.00852191,11.11193213
10/28/2022,0.023376693,0.122212548,0.018802333,0.069529003,0.09902641,232500,-0.532099014,517200,439865,10.95211453,11.07432708
10/31/2022,-0.003384204,0.075207584,-0.047004964,0.07769313,0.101622818,192500,-0.172043011,417740,435095,10.94271428,11.01792186
11/1/2022,-0.005093331,0.291430087,0.216222503,0.101164254,0.103293503,348000,0.807792208,393020,431575,10.84870529,11.14013538
11/2/2022,0.011092248,0.253825398,-0.037604689,0.09678887,0.103992498,324300,-0.068103448,318840,415145,10.78289899,11.03672439
11/3/2022,-0.009282741,0.122211658,-0.13161374,0.093915661,0.103590306,372200,0.147702744,293900,423045,10.6700871,10.79229876
11/4/2022,-0.022146574,0.225622776,0.103411118,0.091291188,0.103039918,731200,0.964535196,393640,423750,10.51027131,10.73589409
11/7/2022,-0.005226382,0.188018979,-0.037603798,0.064791977,0.102904392,532200,-0.272155361,461580,433225,10.35045487,10.53847385
11/8/2022,-0.018388803,0.159816353,-0.028202625,0.052088504,0.102886304,601200,0.129650507,512220,431605,10.43506345,10.59487981
11/9/2022,0.005352384,0.169217536,0.009401183,0.037954891,0.102542127,330300,-0.450598802,513420,435260,10.34105411,10.51027165
11/10/2022,-0.007985759,0.329033877,0.159816341,0.068890579,0.084607381,906800,1.745382985,620340,448840,10.24704349,10.57607737
11/11/2022,0.006261087,0.300831242,-0.028202635,0.079381251,0.078363895,1643200,0.812086458,802740,524850,10.32225065,10.62308189
11/14/2022,0.004444419,0.263226556,-0.037604686,0.076662589,0.076451514,1630000,-0.008033106,1022300,597695,10.26584554,10.5290721
11/15/2022,-0.008849578,0.272628636,0.00940208,0.060415405,0.076883811,1137000,-0.302453988,1129460,634190,10.08722726,10.35985589
11/16/2022,-0.016071331,0.188018978,-0.084609658,0.052930249,0.076586795,1303300,0.146262093,1324060,683945,10.4726674,10.66068637
11/17/2022,0.029038095,0.206821325,0.018802347,0.047192703,0.075938749,1383700,0.061689557,1419440,745650,10.62308264,10.82990396
11/18/2022,0.015873048,0.263226586,0.05640526,0.038532577,0.075039108,591500,-0.572522946,1209100,730670,10.66068703,10.92391361
11/21/2022,0.008680562,0.141014006,-0.12221258,0.054574471,0.075417835,538000,-0.090448014,990700,723080,10.46326596,10.60427996
11/22/2022,-0.029259994,0.094009932,-0.047004074,0.064449601,0.076708128,542700,0.008736059,871840,726635,10.41626069,10.51027063
11/23/2022,-0.008865226,0.094009032,-9.00E-07,0.07402324,0.078445498,450500,-0.169891284,701280,714400,10.39745886,10.49146789
11/25/2022,-0.001788987,0.216222485,0.122213453,0.075617907,0.075656445,528600,0.17336293,530260,715985,10.68888838,10.90511087
11/28/2022,0.039426607,0.216221594,-8.91E-07,0.061430849,0.073536369,1242400,1.35035944,660440,766480,11.06492749,11.28114908
11/29/2022,0.034482751,0.122212552,-0.094009041,0.062853015,0.069879481,1546400,0.244687701,862120,834175,11.3657575,11.48797005
11/30/2022,0.018333325,0.376037969,0.253825417,0.11031613,0.077478867,1618300,0.046495085,1077240,897690,11.63838635,12.01442432
12/1/2022,0.045826571,0.225622773,-0.150415196,0.091290833,0.076895842,1223600,-0.243897918,1231860,942655,11.5725795,11.79820228
12/2/2022,-0.017996871,0.169217519,-0.056405254,0.095547947,0.074803068,1142200,-0.066525008,1354580,981155,11.96741829,12.13663581
12/5/2022,0.028685178,0.150415184,-0.018802335,0.100901488,0.075914119,1811200,0.585711784,1468340,1035155,12.19304273,12.34345791
12/6/2022,0.017041139,0.253825389,0.103410205,0.089185144,0.076459005,1242600,-0.313935512,1407580,1070675,11.72299439,11.97681978
12/7/2022,-0.029703033,0.178617795,-0.075207594,0.042771611,0.075915644,764700,-0.384596813,1236860,1078850,11.76999904,11.94861683
12/8/2022,-0.002354794,0.131613733,-0.047004062,0.046721641,0.07746831,640700,-0.162155094,1120280,1094370,11.93921632,12.07083005
12/9/2022,0.010228231,0.1410149,0.009401167,0.04947764,0.073525113,763100,0.191041049,1044460,1087185,12.05202719,12.19304209
12/12/2022,0.010124577,0.094009044,-0.047005856,0.060561286,0.073176326,861700,0.129209802,854560,1048110,11.76059896,11.854608
12/13/2022,-0.02775633,0.178617811,0.084608767,0.035550001,0.071131151,535400,-0.378670071,713120,993380,11.9486179,12.12723571
12/14/2022,0.022997615,0.338434135,0.159816324,0.095270133,0.076671507,756600,0.413149047,711500,974360,11.80760259,12.14603673
12/15/2022,0.001550313,0.178617791,-0.159816344,0.091966105,0.076706385,1598500,1.112741211,903060,989120,11.80760256,11.98622035
12/16/2022,-0.013157903,0.11281228,-0.065805511,0.096193281,0.078385868,468000,-0.707225524,844040,943335,11.73239466,11.84520694
12/19/2022,-0.011764627,0.246612398,0.133800118,0.085506932,0.077583631,496000,0.05982906,770900,938560,11.47699396,11.72360636
12/20/2022,-0.010265805,0.132791069,-0.113821329,0.092053633,0.077838976,547000,0.102822581,773220,939010,11.31574576,11.44853683
12/21/2022,-0.023462877,0.237127947,0.104336878,0.060068545,0.075823692,927800,0.696160878,807460,958265,11.2493495,11.48647745
12/22/2022,0.003314015,0.199187531,-0.037940416,0.060516613,0.072407828,720300,-0.223647338,631820,971755,11.24935058,11.44853811
12/23/2022,-0.003302956,0.180216859,-0.018970672,0.045980892,0.072298918,641700,-0.1091212,666560,977410,11.34420211,11.52441897
12/27/2022,0.006627995,0.142276412,-0.037940447,0.042630536,0.072945416,755600,0.177497273,718480,953070,11.23986552,11.38214194
12/28/2022,-0.012345701,0.265649912,0.1233735,0.048199573,0.073036562,942600,0.247485442,797600,922880,11.15730716,11.42295707
12/29/2022,0.003585892,0.113849958,-0.151799954,0.058100633,0.061807741,444400,-0.528538086,700920,864185,11.17628128,11.29013123
12/30/2022,-0.011627973,0.113849968,1.01E-08,0.063431463,0.062845597,571300,0.285553555,671120,831570,11.17628227,11.29013223
1/3/2023,8.85E-08,0.18975084,0.075900872,0.06421058,0.062863357,1271800,1.226150884,797140,838050,11.48936922,11.67912006
1/4/2023,0.034453789,0.180262214,-0.009488626,0.063075856,0.062503182,1443000,0.13461236,934620,819640,11.63168246,11.81194467
1/5/2023,0.011372827,0.104362245,-0.075899969,0.041027519,0.062203743,808400,-0.43977824,907780,797930,11.66014533,11.76450758
1/6/2023,-0.004016027,0.208725376,0.104363131,0.0471523,0.062709525,920600,0.138792677,1003020,805725,11.60321887,11.81194424
1/9/2023,0.004032185,0.151799952,-0.056925424,0.040586395,0.062143014,1037100,0.126547904,1096180,825545,11.71707034,11.86887029
1/10/2023,0.004819363,0.094874519,-0.056925434,0.048655503,0.064309279,615700,-0.40632533,964960,818175,11.71707044,11.81194496
1/11/2023,-0.004796188,0.132825414,0.037950895,0.045302485,0.0623497,781300,0.268962157,832620,814155,11.84040743,11.97323284
1/12/2023,0.013654642,0.28462444,0.151799026,0.073978079,0.066994399,802100,0.026622296,831360,827490,11.7170696,12.00169404
1/13/2023,0.002377069,0.094874515,-0.189749925,0.078235842,0.05833946,480700,-0.400698167,743380,813695,11.79297,11.88784451
1/17/2023,-0.009486122,0.066413154,-0.028461361,0.087057568,0.062534683,948200,0.972540046,725600,781180,12.07759415,12.1440073
1/18/2023,0.021548296,0.284625368,0.218212214,0.104878557,0.066972615,1427500,0.505484075,887960,829155,12.02067046,12.30529583
1/19/2023,0.013281327,0.237187656,-0.047437712,0.105349597,0.066445407,807500,-0.434325744,893200,844730,12.05862046,12.29580812
1/20/2023,-0.000771027,0.180262212,-0.056925444,0.092326633,0.065862884,1017600,0.260185759,936300,868260,12.22939531,12.40965752
1/23/2023,0.009259204,0.151799947,-0.028462265,0.083414411,0.064243333,1289900,0.267590409,1098140,886365,12.34324519,12.49504513
1/24/2023,0.006880739,0.189749939,0.037949992,0.052396645,0.06404328,791500,-0.386386542,1066800,889925,12.25785785,12.44760779
1/25/2023,-0.003796492,0.322575349,0.13282541,0.066885401,0.072745652,1138000,0.437776374,1008900,914740,12.0681079,12.39068324
1/26/2023,-0.004573131,0.294112176,-0.028463173,0.075603039,0.076898379,941600,-0.17258348,1035720,924040,12.15349547,12.44760764
1/27/2023,0.004594129,0.142312223,-0.151799953,0.083090253,0.074848815,929800,-0.012531861,1018160,923400,12.26734515,12.40965737
1/30/2023,-0.0030488,0.332062166,0.189749942,0.085123612,0.080832981,842400,-0.093998709,928660,943300,11.99220786,12.32427003
1/31/2023,-0.006880718,0.208725391,-0.123336775,0.081779826,0.079025207,466000,-0.446818613,863560,938035,12.05862046,12.26734586
2/1/2023,-0.004618868,0.199237654,-0.009487736,0.076608122,0.0790357,1574800,2.379399142,950920,953185,11.86886976,12.06810741
2/2/2023,-0.016241365,0.388987592,0.189749937,0.102271532,0.090241575,2698500,0.713550927,1302300,1015960,11.64117001,12.0301576
2/3/2023,-0.003144637,0.360525343,-0.028462249,0.088136692,0.093547474,1686100,-0.375171392,1453560,1059845,11.52731963,11.88784497
2/6/2023,-0.011829656,0.123337683,-0.23718766,0.113652164,0.095832665,1173400,-0.304074491,1519760,1072485,11.66963225,11.79296993
2/7/2023,-0.007980844,0.189750847,0.066413164,0.115926149,0.094948628,1152100,-0.018152378,1656980,1078235,11.45141965,11.6411705
2/8/2023,-0.012872027,0.189749942,-9.05E-07,0.117085085,0.090973535,1284600,0.115007378,1598940,1111680,11.47039509,11.66014503
2/9/2023,0.00162995,0.246675376,0.056925434,0.088899482,0.088855458,1317900,0.025922466,1322820,1138510,11.29013191,11.53680728
2/10/2023,-0.01057772,0.066413161,-0.180262215,0.069524601,0.094298975,434600,-0.670232946,1072520,1120135,11.29013248,11.35654564
2/13/2023,-0.015624916,0.208725389,0.142312228,0.067754185,0.090106198,1013300,1.331569259,1040500,1146765,11.17628203,11.38500742
2/14/2023,0.002506201,0.199237663,-0.009487726,0.068217553,0.082858857,659400,-0.34925491,941960,1132325,11.08140737,11.28064503
2/15/2023,-0.009166651,0.142312231,-0.056925433,0.07016897,0.083648419,1074300,0.629208371,899900,1114665,11.19525748,11.33756971
2/16/2023,0.005046225,0.199237657,0.056925426,0.060153921,0.08363709,1614100,0.502466723,959140,1154995,11.24269468,11.44193234
2/17/2023,0.009205027,0.094874517,-0.10436314,0.049024198,0.087681409,330400,-0.795303885,938300,1120635,11.242695,11.33756952
2/21/2023,-0.009121083,0.151799947,0.056925429,0.043786911,0.087681409,1147200,2.472154964,965080,1113500,11.38500686,11.53680681
2/22/2023,0.017573193,0.180262206,0.028462259,0.039915404,0.087836616,1155500,0.007235007,1064300,1131700,11.10986896,11.29013117
2/23/2023,-0.021381622,0.265649915,0.085387709,0.062718192,0.084941075,1730900,0.497966248,1195620,1161345,10.92960736,11.19525727
2/24/2023,-0.008403259,0.132825415,-0.1328245,0.06420735,0.084107353,1181400,-0.317464903,1109080,1173335,10.79678235,10.92960777
2/27/2023,-0.023728754,0.227699929,0.094874514,0.054666318,0.083125743,1586600,0.342982902,1360320,1206175,10.58805667,10.8157566
2/28/2023,-0.010416767,0.085387698,-0.142312231,0.07206737,0.081630538,919700,-0.420332787,1314820,1210040,10.63549419,10.72088189
3/1/2023,-0.008771897,0.189749935,0.104362237,0.072254475,0.081549245,1586100,0.724584104,1400940,1266045,10.83473169,11.02448163
3/2/2023,0.028318542,0.10436224,-0.085387695,0.059476798,0.083840821,476500,-0.69957758,1150060,1211130,10.88216959,10.98653183
3/3/2023,-0.00344232,0.237187649,0.132825409,0.070169044,0.070426844,1017400,1.135152151,1117260,1127075,10.77780644,11.01499409
3/6/2023,0.002590651,0.161287681,-0.075899968,0.062068888,0.056162571,1372700,0.349223511,1074480,1111405,10.85370689,11.01499457
3/7/2023,4.30E-08,0.113849964,-0.047437717,0.054912995,0.056614166,1056000,-0.230713193,1101740,1105535,10.92960739,11.04345736
3/8/2023,0.002584004,0.104363141,-0.009486823,0.057082918,0.058192509,783600,-0.257954545,941240,1087110,11.05294372,11.15730686
3/9/2023,0.010309227,0.199237657,0.094874516,0.05628886,0.058442316,1452900,0.854134763,1136520,1095525,11.01499386,11.21423152
3/10/2023,0.005102007,0.227699916,0.028462259,0.0532483,0.057196857,835600,-0.424874389,1100160,1071410,11.03396907,11.26166899
3/13/2023,0.004230113,0.151799959,-0.075899957,0.053417083,0.052473236,1094100,0.309358545,1044440,1104385,10.99602018,11.14782014
3/14/2023,-0.010109412,0.085387702,-0.066412257,0.060526795,0.0547422,1072100,-0.020107851,1047660,1107325,10.97704463,11.06243233
3/15/2023,-0.007659596,0.18026313,0.094875428,0.054253196,0.054237939,1213600,0.131983957,1133660,1135035,11.01499472,11.19525785
3/16/2023,0.0120069,0.227699931,0.047436801,0.059476773,0.055959715,1217400,0.00313118,1086560,1142190,11.02448208,11.25218201
3/17/2023,0.005084667,0.218213114,-0.009486817,0.057475826,0.0567082,1538200,0.263512403,1227080,1138395,11.02448216,11.24269527
3/20/2023,-0.000843102,0.104362244,-0.11385087,0.065181417,0.056109789,575400,-0.625926407,1123340,1150645,10.83473234,10.93909459
3/21/2023,-0.027004261,0.170774484,0.066412239,0.048840123,0.055991455,808200,0.404588113,1070560,1133695,11.00550673,11.17628121
3/22/2023,0.021682473,0.161287674,-0.00948681,0.049571826,0.055940669,694900,-0.140188072,966820,1110665,11.10038181,11.26166948
3/23/2023,0.007640133,0.161286763,-9.11E-07,0.040475342,0.050943168,977800,0.407108937,918900,1073010,11.16679454,11.3280813
3/24/2023,0.005897156,0.199237663,0.0379509,0.034469898,0.051089442,697500,-0.286663939,750760,1048815,11.03396966,11.23320732
3/27/2023,-0.008375115,0.199237675,1.20E-08,0.019443854,0.049643268,1069500,0.533333333,849580,1022960,11.28064571,11.47988338
3/28/2023,0.02195954,0.075899977,-0.123337699,0.05038218,0.050473748,443900,-0.584946237,776720,999170,11.39449511,11.47039509
3/29/2023,-0.000826515,0.142312222,0.066412245,0.050915347,0.050297461,376200,-0.152511827,712980,938675,11.44193216,11.58424439
3/30/2023,0.009925491,0.104362236,-0.037949986,0.055483768,0.050297461,475400,0.263689527,612500,938620,11.47039443,11.57475666
3/31/2023,-0.00081902,0.066413156,-0.03794908,0.054336031,0.051221389,384400,-0.191417753,549880,906970,11.52731915,11.59373231
4/3/2023,0.001639399,0.161287682,0.094874526,0.041136662,0.051221389,456800,0.188345473,427340,861175,11.66014539,11.82143307
4/4/2023,0.019639988,0.075899976,-0.085387706,0.041136662,0.05339505,366800,-0.197022767,411920,826715,11.74553256,11.82143254
4/5/2023,-4.47E-08,0.113849962,0.037949986,0.03735223,0.053001016,430000,0.172300981,422680,809035,11.7360447,11.84989466
4/6/2023,0.002407671,0.123337686,0.009487724,0.038304036,0.052099486,1042100,1.423488372,536020,788495,11.56526938,11.68860707
4/10/2023,-0.013610888,0.189750834,0.066413148,0.043992029,0.049660001,338200,-0.675463007,526780,763625,11.56526882,11.75501965
4/11/2023,0.005681822,0.142313132,-0.047437702,0.041680621,0.049643303,789400,1.334121821,593300,748390,11.6127071,11.75502023
4/12/2023,4.89E-08,0.094874514,-0.047438619,0.036127814,0.049084308,347100,-0.560298961,589360,712140,11.63168216,11.72655667
4/13/2023,-0.002421396,0.066412253,-0.028462261,0.046961237,0.051403841,268600,-0.226159608,557080,664890,11.54629489,11.61270714
4/14/2023,-0.009708693,0.132824514,0.066412261,0.047152494,0.0470742,734700,1.735294118,495600,640755,11.39449568,11.52732019
4/17/2023,-0.007352889,0.056924529,-0.075899985,0.038304393,0.045904817,222800,-0.696746972,472520,574985,11.43244486,11.48936939
4/18/2023,-0.003292248,0.085387697,0.028463168,0.029548594,0.04659113,802000,2.599640934,475040,586315,11.4893692,11.5747569
4/19/2023,0.007431871,0.113849965,0.028462268,0.031892679,0.045448467,716100,-0.107107232,548840,581710,11.33756962,11.45141958
4/20/2023,-0.010655716,0.094875421,-0.018974544,0.028776991,0.044953219,553400,-0.227202905,605800,574635,11.29961939,11.39449482
4/21/2023,-0.004970979,0.047436805,-0.047438616,0.027333583,0.046629346,859000,0.552222624,630660,568695,11.24269476,11.29013157
4/24/2023,-0.009159094,0.056925435,0.00948863,0.027333394,0.043759727,694300,-0.191734575,724960,568535,11.21423202,11.27115745
4/25/2023,-0.001680593,0.142313131,0.085387696,0.039461921,0.039057541,1074200,0.547169811,779400,568770,11.06243172,11.20474485
4/26/2023,-0.005892261,0.056924527,-0.085388604,0.039462052,0.040004331,341100,-0.682461367,704400,563630,11.15730682,11.21423134
4/27/2023,0.00084665,0.161287684,0.104363157,0.054253592,0.041183083,821400,1.408091469,758000,585890,11.19525795,11.35654564
4/28/2023,0.012690508,0.170774486,0.009486801,0.056368839,0.043778687,512600,-0.375943511,688720,587750,11.35654447,11.52731895
5/1/2023,0.015037435,0.132825406,-0.03794908,0.045003317,0.042995278,613500,0.196839641,672560,599205,11.42295685,11.55578226
5/2/2023,0.002469204,0.161287684,0.028462279,0.046768808,0.042995278,517100,-0.157131214,561140,602220,11.30910792,11.47039561
5/3/2023,-0.007389084,0.075899973,-0.085387711,0.03877121,0.042995278,465800,-0.099207117,586080,607170,11.28064456,11.35654454
5/4/2023,-0.009925645,0.085387695,0.009487722,0.043165402,0.043365559,755200,0.621296694,572840,623430,11.22371899,11.30910668
5/5/2023,-0.004177138,0.16128767,0.075899976,0.040807349,0.044805551,196200,-0.740201271,509560,581135,11.22371923,11.3850069
5/8/2023,0.006711425,0.104362247,-0.056925423,0.041136903,0.040848035,230800,0.176350663,433020,575765,11.42295795,11.52732019
5/9/2023,0.012500062,0.075899973,-0.028462274,0.035877359,0.040542415,546800,1.36915078,438960,563635,11.42295685,11.49885682
5/10/2023,-0.00246921,0.132824503,0.05692453,0.035116538,0.04098403,810500,0.482260424,507900,586805,11.51783243,11.65065694
5/11/2023,0.013201322,0.123337681,-0.009486822,0.031892728,0.040072248,1098500,0.355336212,576560,628300,11.63168208,11.75501976
5/12/2023,0.008957677,0.161287671,0.03794999,0.031892728,0.041458133,480900,-0.562221211,633500,615610,11.76450683,11.9257945
5/15/2023,0.014527814,0.085387699,-0.075899972,0.035116538,0.040001236,370700,-0.22915367,661480,623005,11.78348251,11.86887021
5/16/2023,-0.004773207,0.056925438,-0.028462261,0.041027089,0.041458071,215500,-0.418667386,595220,593680,11.77399554,11.83092098
5/17/2023,-0.003197375,0.075899975,0.018974537,0.04168022,0.042138131,867100,3.023665893,606540,601230,11.68860703,11.764507
5/18/2023,-0.005613593,0.075899977,1.88E-09,0.040586081,0.042663279,265000,-0.694383577,439840,586810,11.70758276,11.78348274
5/19/2023,0.001612965,0.047437711,-0.028462266,0.015589451,0.042663213,299600,0.130566038,403580,558840,11.73604488,11.78348259
5/22/2023,-1.23E-08,0.075899979,0.028462268,0.013417187,0.041685961,357000,0.191588785,400840,541975,11.76450763,11.84040761
5/23/2023,0.004830916,0.047437711,-0.028462269,0.015589425,0.042973,268400,-0.248179272,411420,501685,11.69809475,11.74553246
5/24/2023,-0.008012828,0.123337691,0.07589998,0.031034408,0.041739841,207000,-0.22876304,279400,494980,11.62219524,11.74553293
5/25/2023,4.03E-08,0.066412252,-0.056925439,0.031179112,0.040588971,309000,0.492753623,288200,469360,11.64117022,11.70758247
5/26/2023,-0.003231055,0.066412249,-3.01E-09,0.028462568,0.037900052,719800,1.329449838,372240,479720,11.63168197,11.69809422
5/30/2023,-0.000810437,0.104362247,0.037949998,0.031179127,0.036998686,724600,0.006668519,445760,485275,11.74553328,11.84989552
5/31/2023,0.012976584,0.246675362,0.142313115,0.07422138,0.048229871,2147900,1.964256141,821660,566815,11.65065658,11.89733194
6/1/2023,0.004003108,0.351037592,0.10436223,0.126863386,0.073649271,1586400,-0.261418129,1097540,622845,11.82143178,12.17246938
6/2/2023,0.023125978,0.056925435,-0.294112157,0.12879966,0.074488743,542900,-0.657778618,1144320,612230,12.2009325,12.25785794
6/5/2023,0.007014892,0.10436224,0.047436805,0.122495403,0.073586511,205100,-0.622214036,1041380,612675,12.09657012,12.20093236
6/6/2023,-0.004644007,0.180263127,0.075900887,0.116468474,0.075266985,1068200,4.208191126,1110100,654545,12.24837056,12.42863369
6/7/2023,0.018662617,0.094874517,-0.08538861,0.117085199,0.074894707,303300,-0.716064407,741180,642370,12.45709553,12.55197005
6/8/2023,0.009923565,0.085387696,-0.009486821,0.045992514,0.075013223,486700,0.604681833,521240,626180,12.32426968,12.40965737
6/9/2023,-0.011337875,0.113849958,0.028462262,0.037592852,0.074964261,317400,-0.347852887,476140,587125,12.38119494,12.4950449
6/12/2023,0.006880732,0.094874517,-0.018975441,0.03853876,0.074085413,575200,0.812224323,550160,591840,12.54248319,12.63735771
6/13/2023,0.01138954,0.0853877,-0.009486817,0.011619669,0.074085413,431200,-0.250347705,422760,594865,12.65633335,12.74172105
6/14/2023,0.00825832,0.085387698,-2.00E-09,0.012370059,0.073328589,890600,1.065398887,540220,628620,12.50453311,12.5899208
6/15/2023,-0.011913638,0.113850861,0.028463163,0.014388662,0.072913935,654900,-0.264653043,573860,618010,12.47606926,12.58992012
6/16/2023,-5.39E-08,0.075899974,-0.037950888,0.014388783,0.072913935,321200,-0.509543442,574620,620820,12.4381197,12.51401967
6/20/2023,-0.006028668,0.066412252,-0.009487722,0.017749902,0.072162883,395600,0.231631382,538700,625620,12.39068308,12.45709533
6/21/2023,-0.004548845,0.189749951,0.123337699,0.049933506,0.07364449,445800,0.126895854,541620,630060,12.50453396,12.69428391
6/22/2023,0.01904044,0.199237662,0.009487711,0.062430394,0.073850072,1233900,1.767833109,610280,678335,12.6847954,12.88403306
6/23/2023,0.014947605,0.161287669,-0.037949993,0.063147257,0.074285017,543600,-0.55944566,588020,695165,12.71325728,12.87454495
6/26/2023,-0.000736424,0.094874514,-0.066413155,0.05886861,0.073327001,318200,-0.41464312,587420,695625,12.81762042,12.91249494
6/27/2023,0.002947676,0.075899976,-0.018974538,0.055887894,0.072933441,434400,0.365179133,595180,681355,12.86505862,12.94095859
6/28/2023,0.00220435,0.085386795,0.009486819,0.054087351,0.073393202,315500,-0.273710866,569120,660900,12.86505866,12.95044546
6/29/2023,0.000733088,0.151799947,0.066413153,0.039689288,0.068207358,1632800,4.175277338,648900,635145,12.58992057,12.74172052
6/30/2023,-0.016117201,0.066412249,-0.085387699,0.033543462,0.043368195,407000,-0.750734934,621580,576175,12.60889473,12.67530698
7/3/2023,-0.00521229,0.066412252,3.00E-09,0.035877382,0.04281579,227800,-0.44029484,603500,560420,12.58992076,12.65633301
7/5/2023,-0.001496924,0.132825414,0.066413163,0.039461857,0.043105275,910700,2.997805092,698760,595700,12.64684587,12.77967129
7/6/2023,0.009745182,0.113849965,-0.01897545,0.038771452,0.039930157,605500,-0.335126826,756760,572565,12.53299561,12.64684557
7/7/2023,-0.010393516,0.113849964,-7.01E-10,0.030449055,0.039835121,289100,-0.522543353,488020,571855,12.6942832,12.80813317
7/10/2023,0.012753188,0.180262215,0.066412251,0.041027281,0.042482479,1194300,3.131096506,645480,607235,12.85557076,13.03583298
7/11/2023,0.017777751,0.066412253,-0.113849962,0.04102728,0.043759674,599700,-0.497864858,719860,621350,12.95993324,13.02634549
7/12/2023,-0.0007278,0.075899973,0.009487719,0.044802656,0.04432974,283600,-0.527096882,594440,606770,13.06429568,13.14019565
7/13/2023,0.008739992,0.085387702,0.009487729,0.045992278,0.04432974,514000,0.812411848,576140,610910,13.20660887,13.29199657
7/14/2023,0.01155241,0.06641225,-0.018975452,0.048376888,0.045082147,490200,-0.046303502,616360,590890,13.32045784,13.38687009
7/17/2023,0.007137642,0.075899976,0.009487726,0.007938,0.04566683,322400,-0.342309262,441980,574265,13.34892063,13.42482061
7/18/2023,0.002834906,0.056924531,-0.018975445,0.010817669,0.046540296,354800,0.100496278,393000,575945,13.36789646,13.42482099
7/19/2023,2.86E-08,0.170774492,0.113849961,0.045796128,0.047674175,1123700,2.167136415,561020,612350,13.21609607,13.38687056
7/20/2023,-0.002826885,0.085387702,-0.08538679,0.045796128,0.044244144,461600,-0.589214203,550540,613140,13.2160966,13.3014843
7/21/2023,-0.006378359,0.189750835,0.104363133,0.060154276,0.043234192,1011800,1.191941075,654860,602035,13.42481997,13.61457081
7/24/2023,0.023537712,0.142313132,-0.047437702,0.056369125,0.042146667,766200,-0.242735719,743620,613165,13.63354594,13.77585907
7/25/2023,0.011846739,0.113849962,-0.02846317,0.042110067,0.042124174,418300,-0.454058992,756320,618170,13.64303356,13.75688352
7/26/2023,-0.001377449,0.104362238,-0.009487724,0.04058647,0.041538091,655300,0.56657901,662640,629215,13.71893336,13.82329559
7/27/2023,0.004827552,0.18026221,0.075899973,0.038304366,0.044244179,333100,-0.491683199,636940,630095,13.69047103,13.87073324
7/28/2023,0.003431718,0.199237662,0.018975452,0.041136869,0.047634446,505800,0.518462924,535740,573745,13.86124594,14.0604836
7/31/2023,0.013679908,0.10436314,-0.094874522,0.045697771,0.046364353,864800,0.709766706,555460,596635,14.21228291,14.31664605
8/1/2023,0.018218609,0.151799947,0.047436807,0.043269555,0.045458863,1939500,1.242715079,859700,682220,14.00355869,14.15535863
8/2/2023,-0.011265726,0.180262223,0.028462276,0.036988808,0.047335075,1602300,-0.173859242,1049100,716800,13.85175967,14.0320219
8/3/2023,-0.008713078,0.151799948,-0.028462275,0.035877075,0.047713879,335400,-0.790675903,1049560,703295,13.74739572,13.89919567
8/4/2023,-0.009465936,0.294112169,0.14231222,0.071187574,0.06078082,826700,1.464818128,1113740,730175,14.12689626,14.42100843
8/7/2023,0.037542659,0.10436314,-0.189749029,0.071187575,0.060090994,762100,-0.07814201,1093200,708565,14.44947044,14.55383358
8/8/2023,0.009210531,0.113849963,0.009486823,0.076313678,0.05836119,403100,-0.471066789,785920,698735,14.43998428,14.55383424
8/9/2023,4.56E-08,0.199237658,0.085387696,0.07748423,0.058598151,506000,0.255271645,566660,709855,14.26920872,14.46844638
8/10/2023,-0.005867036,0.113849965,-0.085387693,0.081779607,0.057576644,485500,-0.040513834,596680,708430,14.15535927,14.26920923
8/11/2023,-0.013770459,0.189750836,0.075900871,0.046187787,0.05586654,649100,0.336972194,561160,716375,14.21228297,14.40203381
8/14/2023,0.009308475,0.227699933,0.037949097,0.052138214,0.056137227,1006300,0.550300416,610000,750570,14.46844703,14.69614697
8/15/2023,0.020421641,0.208725373,-0.01897456,0.043683794,0.052509265,427100,-0.575573885,614800,754185,14.39254585,14.60127122
8/16/2023,-0.006455824,0.142312225,-0.066413149,0.047247534,0.052624186,761600,0.783188949,665920,736080,14.46844631,14.61075853
8/17/2023,0.000649759,0.23718766,0.094875435,0.037592625,0.052262851,912100,0.197610294,751240,758605,14.2786973,14.51588496
8/18/2023,-0.006493405,0.218212196,-0.018975464,0.037592658,0.053279512,2019700,1.214340533,1025360,809000,13.37738334,13.59559553
8/21/2023,-0.063398782,0.113849969,-0.104362227,0.053079249,0.054394892,520300,-0.742387483,928160,796705,13.51020899,13.62405896
8/22/2023,0.002093577,0.0853877,-0.028462269,0.065868072,0.056213075,385700,-0.258696906,919880,795075,13.60508399,13.69047169
8/23/2023,0.004874666,0.237187648,0.151799948,0.072998246,0.056389765,390800,0.013222712,845720,781850,13.49123369,13.72842134
8/24/2023,0.002771975,0.123337686,-0.113849962,0.067621225,0.057413833,424600,0.086489253,748220,786425,13.72842136,13.85175904
8/25/2023,0.008984114,0.132824496,0.00948681,0.057943718,0.057543664,468500,0.103391427,437980,784560,13.77585822,13.90868272
8/28/2023,0.004109491,0.15179995,0.018975454,0.056368861,0.055798624,584400,0.247385272,450800,770540,14.02253348,14.17433343
8/29/2023,0.019099631,0.0853877,-0.06641225,0.056368861,0.058765645,606700,0.038158795,495000,703900,14.07945929,14.16484699
8/30/2023,-0.000669269,0.123337686,0.037949986,0.024188331,0.059391129,391900,-0.354046481,495220,643380,14.17433353,14.29767122
8/31/2023,0.009377032,0.094874514,-0.028463172,0.027333188,0.061275691,469000,0.196733861,504100,650060,14.36408401,14.45895852
9/1/2023,0.01128067,0.132825413,0.037950899,0.027333316,0.052689496,374400,-0.201705757,485280,627445,14.35459709,14.48742251
9/5/2023,0.001968605,0.085387703,-0.047437711,0.022250298,0.053748838,426000,0.137820513,453600,610640,14.43998504,14.52537274
9/6/2023,0.00261953,0.113849966,0.028462264,0.019673878,0.053748838,755700,0.773943662,483400,628270,14.59178472,14.70563469
9/7/2023,0.012410143,0.132824506,0.018974539,0.021634842,0.052642291,451900,-0.40201138,495400,625565,14.51588446,14.64870896
9/8/2023,-0.003871014,0.123336776,-0.00948773,0.019673549,0.052364844,401700,-0.111086524,481940,621375,14.56332137,14.68665814
9/11/2023,0.002590616,0.132825414,0.009488638,0.019673549,0.051516548,909400,1.263878516,588940,634390,14.4210094,14.55383482
9/12/2023,-0.009043809,0.161287675,0.028462261,0.017749663,0.047931806,520200,-0.427974489,607780,610085,14.68665892,14.84794659
9/13/2023,0.020208542,0.142312221,-0.018975455,0.014388756,0.045281277,868000,0.668589004,630240,632130,14.54434586,14.68665808
9/14/2023,-0.010862682,0.151799948,0.009487728,0.015001265,0.045372731,648600,-0.252764977,669580,626480,14.26920872,14.42100867
9/15/2023,-0.018087805,0.085387695,-0.066412253,0.029548577,0.040518894,707400,0.090656799,730720,616245,14.174333,14.2597207
9/18/2023,-0.011184236,0.161287674,0.075899979,0.031751212,0.03582776,734700,0.038592027,695780,551995,13.93714591,14.09843359
9/19/2023,-0.011310678,0.189749927,0.028462253,0.038304053,0.038133689,1097900,0.494351436,811320,580875,13.90868278,14.09843271
9/20/2023,-6.22E-08,0.132825412,-0.056924515,0.038771161,0.036499157,1037700,-0.054831952,845260,613475,14.14587154,14.27869696
9/21/2023,0.01278612,0.085387698,-0.047437714,0.046187573,0.029104381,610900,-0.411294208,837720,624480,13.91817131,14.00355901
9/22/2023,-0.019269122,0.237187641,0.151799943,0.05731887,0.038074634,1043100,0.707480766,904860,655405,13.42482014,13.66200778
9/25/2023,-0.024390316,0.132825408,-0.104362233,0.058715185,0.038074634,1168800,0.120506183,991680,690420,12.75120755,12.88403295
9/26/2023,-0.056944399,0.123337691,-0.009487717,0.056528264,0.03785939,1041100,-0.109257358,980320,713255,12.53299594,12.65633363
9/27/2023,-0.017672985,0.094874521,-0.02846317,0.060527064,0.037307949,844700,-0.188646624,941720,725155,12.81762133,12.91249585
9/28/2023,0.020239844,0.161287672,0.066413151,0.05425337,0.037812481,554400,-0.34367231,930420,733280,12.73223296,12.89352063
9/29/2023,-0.001469524,0.132825406,-0.028462267,0.023813687,0.036693341,373500,-0.326298701,796500,728505,12.83659496,12.96942037
10/2/2023,0.005886657,0.132824507,-8.98E-07,0.023813651,0.036693345,572400,0.53253012,677220,738405,12.85557104,12.98839555
10/3/2023,0.00146307,0.161287675,0.028463168,0.027333487,0.035109866,1064200,0.859189378,681840,770315,12.24837017,12.40965785
10/4/2023,-0.044558059,0.123337683,-0.037949993,0.017749543,0.034808338,1071200,0.006577711,727140,786090,12.44760738,12.57094506
10/5/2023,0.012996911,0.085387697,-0.037949986,0.027333191,0.036873654,462700,-0.568054518,708800,786630,12.30529528,12.39068298
10/6/2023,-0.014339581,0.256162191,0.170774494,0.064347202,0.045197443,560300,0.210935812,746160,794560,12.46658318,12.72274537
10/9/2023,0.026799361,0.094875422,-0.161286769,0.069199996,0.046479003,425200,-0.241120828,716720,770350,12.7132577,12.80813313
10/10/2023,0.006711426,0.085387699,-0.009487723,0.072751001,0.047924285,729100,0.714722484,649700,780795,12.79864536,12.88403306
10/11/2023,0.005925917,0.104362239,0.01897454,0.073612024,0.048513798,373400,-0.487861747,510140,756065,12.94095836,13.0453206
10/12/2023,0.012518405,0.123336782,0.018974543,0.070361008,0.048462516,374200,0.002142475,492440,742345,12.90300856,13.02634535
10/13/2023,-0.001454564,0.132825408,0.009488626,0.019673572,0.047036291,585300,0.564136825,497440,736240,12.95993286,13.09275826
10/16/2023,0.005098354,0.10436224,-0.028463167,0.018494513,0.047247339,489700,-0.163335042,510340,723990,12.77018314,12.87454538
10/17/2023,-0.016666686,0.227699928,0.123337687,0.051355436,0.05024083,959700,0.959771289,556460,717080,12.37170783,12.59940776
10/18/2023,-0.021370667,0.142313133,-0.085386795,0.047721347,0.050247907,944600,-0.015734084,670700,712425,12.12503242,12.26734556
10/19/2023,-0.026355382,0.27513763,0.132824497,0.071817264,0.057378832,1777600,0.881854753,951380,770760,11.71706996,11.99220759
10/20/2023,-0.022428484,0.094874519,-0.180263111,0.079207984,0.054292525,780800,-0.560756076,990480,757645,12.06810813,12.16298265
10/23/2023,0.014240502,0.113849961,0.018975442,0.077368319,0.054579723,280200,-0.641137295,948580,713215,11.9637445,12.07759447
10/24/2023,-0.007020333,0.170774501,0.05692454,0.070807631,0.054915031,853400,2.045681656,927320,703830,12.15349617,12.32427068
10/25/2023,0.020424283,0.180263119,0.009488618,0.070553019,0.054466756,452100,-0.4702367,828820,684200,12.04913235,12.22939547
10/26/2023,-0.007698241,0.180262205,-9.15E-07,0.040586261,0.054925802,917300,1.02897589,656760,702345,11.3944942,11.57475641
10/27/2023,-0.053529961,0.11384996,-0.066412244,0.034859321,0.055329711,380300,-0.585413714,576660,702685,11.41346913,11.52731909
10/30/2023,-0.004098343,0.104362241,-0.009487719,0.037592619,0.056025313,373400,-0.018143571,595300,692735,11.19525733,11.29961957
10/31/2023,-0.019753033,0.085387696,-0.018974545,0.044500399,0.057329262,688300,0.843331548,562280,673940,10.92011924,11.00550694
11/1/2023,-0.026028543,0.085387699,3.51E-09,0.039117783,0.058523317,461600,-0.329362197,564180,643460,11.1383319,11.2237196
11/2/2023,0.019827588,0.199237672,0.113849972,0.047247395,0.058668868,918200,0.989168111,564360,666235,11.65065766,11.84989533
11/3/2023,0.055790394,0.075899971,-0.1233377,0.050915307,0.054161503,455000,-0.504465258,579300,660970,11.83091956,11.90681953
11/6/2023,0.004803772,0.075899975,3.49E-09,0.05324851,0.05505509,284600,-0.374505495,561540,653940,12.02067004,12.09657001
11/7/2023,0.015936286,0.104362242,0.028462268,0.052224423,0.054336196,182200,-0.359803233,460320,626595,11.90682044,12.01118268
11/8/2023,-0.007058805,0.085387702,-0.01897454,0.052224423,0.05505509,348800,0.914379802,437760,625365,12.36222053,12.44760823
11/9/2023,0.036334935,0.085387694,-8.45E-09,0.011619673,0.056078173,572300,0.640768349,368580,635270,12.45709472,12.54248242
11/10/2023,0.007621881,0.056925432,-0.028462261,0.017234684,0.058525368,224000,-0.60859689,322380,617205,12.44760738,12.50453281
11/13/2023,-0.003025685,0.094875421,0.037949988,0.017749301,0.058765677,207800,-0.072321429,307020,603110,12.37170764,12.46658306
11/14/2023,-0.00303488,0.10436224,0.009486819,0.017749301,0.053986251,456000,1.194417709,361780,577925,12.6088954,12.71325764
11/15/2023,0.019786864,0.075899973,-0.028462267,0.018249412,0.054672936,319900,-0.298464912,356000,546690,12.67530723,12.75120721
11/16/2023,0.002985038,0.047437712,-0.028462261,0.024188333,0.042638184,560900,0.753360425,353720,485855,12.75120788,12.79864559
11/17/2023,0.003720305,0.180263118,0.132825407,0.049571798,0.045562874,293500,-0.476733821,367620,461490,12.4001699,12.58043302
11/20/2023,-0.017049661,0.094875418,-0.0853877,0.049571798,0.04569784,498300,0.697785349,425720,472395,12.5140195,12.60889492
11/21/2023,0.002262394,0.113849963,0.018974545,0.04993363,0.043433611,300600,-0.396748946,394640,444755,12.63735767,12.75120763
11/22/2023,0.011286692,0.085387699,-0.028462264,0.048840033,0.040086923,402000,0.337325349,411060,442250,12.77967082,12.86505852
11/24/2023,0.008928635,0.256162192,0.170774494,0.071817148,0.050165323,378500,-0.058457711,374580,415310,12.46658325,12.72274544
11/27/2023,-0.011061984,0.094874517,-0.161287676,0.071817148,0.050193654,379300,0.002113606,391740,415260,12.34324546,12.43811998
11/28/2023,-0.022371387,0.075899974,-0.018974542,0.074523587,0.050623625,162800,-0.570788294,324640,404730,12.45709529,12.53299527
11/29/2023,0.007627783,0.066412251,-0.009487723,0.07920776,0.051163542,388500,1.386363636,342220,389740,12.57094517,12.63735742
11/30/2023,0.008326992,0.142313138,0.075900887,0.077832209,0.051716154,563900,0.451480051,374600,394855,12.36222053,12.50453367
12/1/2023,-0.010510406,0.170775393,0.028462255,0.044803058,0.049346538,242700,-0.56960454,347440,361080,12.47606971,12.6468451
12/4/2023,0.011380787,0.104362244,-0.066413149,0.044196188,0.048890807,783900,2.229913473,428360,377525,12.80813361,12.91249585
12/5/2023,0.021005298,0.066413154,-0.03794909,0.046285152,0.049240789,346100,-0.558489603,465020,380600,12.83659478,12.90300793
12/6/2023,-0.000734786,0.104362241,0.037949086,0.040027869,0.049240789,471100,0.361167293,481540,395045,12.9219831,13.02634535
12/7/2023,0.009558811,0.142312224,0.037949983,0.040027728,0.04967184,549600,0.166631288,478680,405085,12.8081327,12.95044492
12/8/2023,-0.005826686,0.056925435,-0.085386789,0.034207279,0.050754467,330300,-0.399017467,496200,392985,12.77018333,12.82710876
12/11/2023,-0.009523701,0.104363146,0.047437711,0.034207342,0.049394474,300400,-0.090523766,399500,396805,12.83659545,12.94095859
12/12/2023,0.008875721,0.094874517,-0.009488629,0.030448599,0.049394487,246100,-0.180758988,379500,398720,12.81762081,12.91249532
12/13/2023,-0.002199472,0.132825411,0.037950894,0.03381054,0.049659935,672000,1.730597318,419680,409520,12.60889555,12.74172096
12/14/2023,-0.013225512,0.113849957,-0.018975454,0.028144463,0.048987585,715800,0.065178571,452920,429315,12.56145702,12.67530698
12/15/2023,-0.005212324,0.075899976,-0.037949981,0.02121489,0.047387539,341200,-0.523330539,455100,418330,12.41914554,12.49504552
12/18/2023,-0.014221467,0.149778346,0.07387837,0.029369917,0.045595291,817600,1.396248535,558540,444535,12.33178222,12.48156057
12/19/2023,-0.001079224,0.079881909,-0.069896437,0.032353709,0.046018608,427100,-0.477617417,594740,440975,12.41166377,12.49154568
12/20/2023,0.000799989,0.149778348,0.069896438,0.035971263,0.046806559,455500,0.066494966,551440,448720,12.44161975,12.5913981
12/21/2023,0.0079936,0.089867391,-0.059910957,0.037534218,0.046676131,316700,-0.304720088,471620,444455,12.52150186,12.61136926
12/22/2023,0.001586095,0.07988191,-0.009985481,0.036687949,0.032969327,293500,-0.073255447,462080,440205,12.58141321,12.66129512
12/26/2023,0.003958798,0.24963121,0.1697493,0.073035775,0.046076612,465200,0.585008518,391600,444500,12.68126529,12.9308965
12/27/2023,0.021293349,0.119999886,-0.129631325,0.068224958,0.045280224,621800,0.336629407,430540,467450,12.77000046,12.89000034
12/28/2023,-0.003162669,0.049999237,-0.070000648,0.077780515,0.0463383,260400,-0.581215825,391520,461045,12.89000034,12.93999958
12/29/2023,0.003878917,0.069999695,0.020000458,0.080043652,0.046823677,301500,0.157834101,388480,447925,12.88000011,12.94999981
1/2/2024,0.000772815,0.130000114,0.06000042,0.077825641,0.044899583,841800,1.792039801,498140,477880,12.69999981,12.82999992
1/3/2024,-0.009266401,0.070000648,-0.059999466,0.03492867,0.045706364,567100,-0.326324543,518520,467040,12.81999969,12.89000034
1/4/2024,0.004676572,0.06000042,-0.010000229,0.031305089,0.046024007,407700,-0.281079175,475700,470120,12.89999962,12.96000004
1/5/2024,0.005430543,0.140000343,0.079999924,0.037815324,0.046634486,1354500,2.322295806,694520,514290,12.97999954,13.11999989
1/8/2024,0.012345667,0.089999199,-0.050001144,0.035636992,0.04607198,587500,-0.566260613,751720,516185,13.10000038,13.18999958
1/9/2024,0.005335343,0.079999924,-0.009999275,0.03114477,0.045072865,443100,-0.245787234,671980,521825,13,13.07999992
1/10/2024,-0.008339625,0.109999657,0.029999733,0.030495911,0.045076214,464000,0.047167682,651360,530005,12.89000034,13
1/11/2024,-0.006116202,0.119999886,0.010000229,0.02387494,0.045076087,338300,-0.270905172,637480,534615,12.84000015,12.96000004
1/12/2024,-0.00307692,0.130000114,0.010000229,0.020736617,0.044998782,342100,0.011232634,435000,518120,12.68999958,12.81999969
1/16/2024,-0.010802496,0.100000381,-0.029999733,0.019235378,0.045009423,446400,0.304881614,406780,504650,12.71000004,12.81000042
1/17/2024,-0.000779975,0.11000061,0.010000229,0.011401639,0.04440168,1056700,1.367159498,529500,540425,12.60999966,12.72000027
1/18/2024,-0.007025773,0.210000038,0.099999428,0.043931631,0.049109216,649500,-0.38535062,566600,532020,12.69999981,12.90999985
1/19/2024,0.014937074,0.090000153,-0.119999886,0.048166253,0.048812671,270400,-0.583679754,553020,524185,12.85999966,12.94999981
1/22/2024,0.00309837,0.109999657,0.019999504,0.048785168,0.048015882,358200,0.324704142,556240,519320,12.88000011,12.98999977
1/23/2024,0.0030888,0.119999886,0.010000229,0.047116841,0.047807721,354200,-0.011166946,537800,521195,12.77999973,12.89999962
1/24/2024,-0.006928418,0.150000572,0.030000687,0.046690548,0.047901237,1217000,2.435911914,569860,567370,12.77999973,12.93000031
1/25/2024,0.002325635,0.079999924,-0.070000648,0.027386319,0.036577335,441300,-0.637387017,528220,566175,12.77000046,12.85000038
1/26/2024,-0.006187156,0.039999962,-0.039999962,0.041833161,0.039350075,282700,-0.359392703,530680,549220,12.84000015,12.88000011
1/29/2024,0.00233461,0.079999924,0.039999962,0.042190243,0.037763153,300900,0.064379201,519220,551245,12.77000046,12.85000038
1/30/2024,-0.002329172,0.090000153,0.010000229,0.039623471,0.037059717,411700,0.368228647,530720,556755,12.86999989,12.96000004
1/31/2024,0.008560284,0.130000114,0.039999962,0.032093679,0.037059717,825500,1.005100802,452420,555940,12.69999981,12.82999992
2/1/2024,-0.010030873,0.129999161,-9.54E-07,0.037815185,0.036458365,353300,-0.572016959,434820,545250,12.81000042,12.93999958
2/2/2024,0.008573629,0.079999924,-0.049999237,0.025884177,0.035314438,363500,0.028870648,450980,543040,12.86999989,12.94999981
2/5/2024,0.000772815,0.090000153,0.010000229,0.024082968,0.034807781,292400,-0.195598349,449280,489935,12.86999989,12.96000004
2/6/2024,0.000772218,0.140000343,0.050000191,0.027018478,0.03531441,284700,-0.026333789,423880,474795,12.82999992,12.97000027
2/7/2024,0.000771623,0.100000381,-0.039999962,0.025884251,0.034713132,318300,0.118018967,322440,468555,12.98999977,13.09000015
2/8/2024,0.009252111,0.079999924,-0.020000458,0.024899967,0.03537769,345300,0.084825636,320840,462620,13.03999996,13.11999989
2/9/2024,0.002291805,0.029999733,-0.050000191,0.039623471,0.039400169,268700,-0.221836085,301880,459140,13.05000019,13.07999992
2/12/2024,-0.003048778,0.079999924,0.050000191,0.039749464,0.039283112,515400,0.918124302,346480,467805,13.07999992,13.15999985
2/13/2024,0.006116202,0.090000153,0.010000229,0.027018725,0.039373444,437900,-0.150368646,377120,467380,12.94999981,13.03999996
2/14/2024,-0.009118532,0.080000877,-0.009999275,0.02387488,0.039603328,282600,-0.35464718,369980,428675,12.97999954,13.06000042
2/15/2024,0.001533777,0.079999924,-9.54E-07,0.02387488,0.030135705,183200,-0.3517339,337560,405360,13.02000046,13.10000038
2/16/2024,0.003062784,0.140000343,0.06000042,0.026076858,0.031855002,523400,1.8569869,388500,418010,13.07999992,13.22000027
2/20/2024,0.009160296,0.180000305,0.039999962,0.044497181,0.036917497,940600,0.797095911,473540,447130,13.35999966,13.53999996
2/21/2024,0.024205725,0.069999695,-0.11000061,0.047958419,0.037148465,749900,-0.20274293,535940,466915,13.36999989,13.43999958
2/22/2024,-0.007385553,0.109999657,0.039999962,0.04505578,0.035168836,629000,-0.161221496,605220,437515,13.31000042,13.42000008
2/23/2024,-0.001488058,0.100000381,-0.009999275,0.041833218,0.035003829,777300,0.235771065,724040,454315,13.02999973,13.13000011
2/26/2024,-0.021609535,0.050000191,-0.050000191,0.049699196,0.034224545,379700,-0.511514216,695300,459165,13.05000019,13.10000038
2/27/2024,-0.002284824,0.079999924,0.029999733,0.02387462,0.034224545,379000,-0.001843561,582980,463070,13.22000027,13.30000019
2/28/2024,0.015267161,0.239999771,0.159999847,0.073006704,0.046836779,488200,0.288126649,530640,466895,13.28999996,13.52999973
2/29/2024,0.017293198,0.080000877,-0.159998894,0.074832917,0.046710166,384400,-0.21261778,481720,444840,13.43999958,13.52000046
3/1/2024,-0.000739045,0.089999199,0.009998322,0.075299239,0.046280055,438200,0.139958377,413900,449085,13.52000046,13.60999966
3/4/2024,0.006656745,0.070000648,-0.01999855,0.071902488,0.046554997,470700,0.074167047,432100,454445,13.56999969,13.64000034
3/5/2024,0.002204312,0.11000061,0.039999962,0.069785117,0.046566307,301100,-0.360314425,416520,454880,13.56999969,13.68000031
3/6/2024,0.002932548,0.06000042,-0.050000191,0.019235279,0.046385093,364800,0.211557622,391840,458885,13.48999977,13.55000019
3/7/2024,-0.009502932,0.140000343,0.079999924,0.032093605,0.047417505,271100,-0.25685307,369180,456525,13.64999962,13.78999996
3/8/2024,0.01771216,0.11000061,-0.029999733,0.032710816,0.04729247,801900,1.957949096,441920,479355,13.43999958,13.55000019
3/11/2024,-0.017403899,0.079999924,-0.030000687,0.030822157,0.044674215,398500,-0.503055244,427480,485845,13.30000019,13.38000011
3/12/2024,-0.012546131,0.079999924,0,0.031305059,0.044674215,459100,0.152070263,459080,483030,13.27000046,13.35000038
3/13/2024,-0.002242132,0.150000572,0.070000648,0.032711122,0.045825732,577100,0.257024613,501540,489990,13.48999977,13.64000034
3/14/2024,0.021722843,0.130000114,-0.020000458,0.030822311,0.045753913,361900,-0.372898978,519700,493955,13.53999996,13.67000008
3/15/2024,0.002199394,0.090000153,-0.039999962,0.032093842,0.045491455,239100,-0.339320254,407140,496750,13.47999954,13.56999969
3/18/2024,-0.007315317,0.170000076,0.079999924,0.03847088,0.047069352,442600,0.851108323,415960,492710,13.34000015,13.51000023
3/19/2024,-0.004421479,0.119999886,-0.050000191,0.030331567,0.04416174,204700,-0.537505648,365080,455915,13.30000019,13.42000008
3/20/2024,-0.006661743,0.100000381,-0.019999504,0.031144755,0.043358899,356500,0.741573034,320960,436245,13.48999977,13.59000015
3/21/2024,0.012667666,0.069999695,-0.030000687,0.038078923,0.044176636,488100,0.36914446,346200,429200,13.63000011,13.69999981
3/22/2024,0.008094162,0.039999962,-0.029999733,0.049497548,0.046577585,189200,-0.612374513,336220,399795,13.69999981,13.73999977
3/25/2024,0.002919705,0.13999939,0.099999428,0.039749092,0.045523221,200900,0.061839323,287880,390855,13.56000042,13.69999981
3/26/2024,-0.002911205,0.079999924,-0.059999466,0.037148213,0.045523221,223300,0.111498258,291600,383070,13.65999985,13.73999977
3/27/2024,0.002919705,0.119999886,0.039999962,0.039999843,0.033446736,593600,1.65830721,339020,388340,13.72000027,13.84000015
3/28/2024,0.007278048,0.099999428,-0.020000458,0.038470583,0.033066946,411800,-0.306266846,323760,389710,13.81000042,13.90999985
4/1/2024,0.005057781,0.170000076,0.070000648,0.034928561,0.036168472,581000,0.410879068,402120,396850,13.61999989,13.78999996
4/2/2024,-0.008626879,0.109999657,-0.06000042,0.033615604,0.035135115,1099000,0.891566265,581740,428265,13.57999992,13.68999958
4/3/2024,-0.007251659,0.159999847,0.050000191,0.031145031,0.036977967,605600,-0.448953594,658200,443490,13.44999981,13.60999966
4/4/2024,-0.005843676,0.230000496,0.070000648,0.052249804,0.043586083,276300,-0.543758256,594740,439065,13.39999962,13.63000011
4/5/2024,0.001469541,0.119999886,-0.11000061,0.047644817,0.043319603,319900,0.157799493,576360,441505,13.30000019,13.42000008
4/8/2024,-0.015407193,0.120000839,9.54E-07,0.049699253,0.043274026,487200,0.52297593,557600,425770,13.22999954,13.35000038
4/9/2024,-0.005216073,0.099999428,-0.020001411,0.051768943,0.042550404,331500,-0.319581281,404100,422420,13.34000015,13.43999958
4/10/2024,0.006741513,0.149999619,0.050000191,0.05128376,0.041961873,647600,0.953544495,412500,431845,13.18000031,13.32999992
4/11/2024,-0.008184499,0.089999199,-0.06000042,0.023021945,0.042112124,209100,-0.677115503,399060,413445,13.31000042,13.39999962
4/12/2024,0.00525129,0.170000076,0.080000877,0.033615717,0.04351358,623800,1.983261597,459840,426540,13.23999977,13.40999985
4/15/2024,0.000746286,0.199999809,0.029999733,0.046583547,0.046066433,1331100,1.133857005,628620,481140,12.55000019,12.75
4/16/2024,-0.049216991,0.090000153,-0.109999657,0.048989894,0.045699345,478400,-0.640598002,658000,482930,12.40999985,12.5
4/17/2024,-0.019607843,0.18999958,0.099999428,0.054037079,0.047999526,1155400,1.415133779,759560,530465,12.09000015,12.27999973
4/18/2024,-0.017600021,0.100000381,-0.089999199,0.051477893,0.047999526,932400,-0.193006751,904220,559260,12.10999966,12.21000004
4/19/2024,-0.005700301,0.210000038,0.109999657,0.058051477,0.049361789,697000,-0.252466752,918860,569705,11.84000015,12.05000019
4/22/2024,-0.013104001,0.210000038,0,0.059999824,0.046803157,631900,-0.093400287,779020,591840,11.97999954,12.18999958
4/23/2024,0.011618206,0.11000061,-0.099999428,0.05458908,0.047381502,972300,0.538692831,877800,630410,11.90999985,12.02000046
4/24/2024,-0.013945786,0.099999428,-0.010001183,0.058566166,0.046211852,581800,-0.401625013,763080,648335,12.18000031,12.27999973
4/25/2024,0.021630555,0.140000343,0.040000916,0.053197761,0.045914775,379700,-0.34737023,652540,637640,12.14999962,12.28999996
4/26/2024,0.000814351,0.079999924,-0.06000042,0.050695246,0.047114152,305600,-0.195154069,574260,632330,12.26000023,12.34000015
4/29/2024,0.004068364,0.099999428,0.019999504,0.021909164,0.047561683,384400,0.257853403,524760,622500,12.30000019,12.39999962
4/30/2024,0.004862193,0.150000572,0.050001144,0.0296652,0.047116962,311500,-0.189646202,392600,583125,12.18999958,12.34000015
5/1/2024,-0.004838667,0.079999924,-0.070000648,0.033166576,0.048785333,224800,-0.278330658,321200,564085,12.17000008,12.25
5/2/2024,-0.007293367,0.11000061,0.030000687,0.028810032,0.043877845,219900,-0.021797153,289240,561265,12.19999981,12.31000042
5/3/2024,0.004897993,0.109999657,-9.54E-07,0.025495401,0.044066368,374500,0.703046839,303020,563995,12.34000015,12.44999981
5/6/2024,0.011372818,0.099999428,-0.010000229,0.025495401,0.044541583,280000,-0.252336449,282140,553635,12.56000042,12.65999985
5/7/2024,0.016867473,0.070000648,-0.029998779,0.018165714,0.046066307,410800,0.467142857,302000,557600,12.64999962,12.72000027
5/8/2024,0.00473937,0.06000042,-0.010000229,0.023451802,0.04815269,308400,-0.249269718,318720,540640,12.65999985,12.72000027
5/9/2024,0,0.079999924,0.019999504,0.020735996,0.048568944,194800,-0.368352789,313700,539925,12.60999966,12.68999958
5/10/2024,-0.002358544,0.130000114,0.050000191,0.02774865,0.047339703,819500,3.20687885,402700,549710,12.55000019,12.68000031
5/13/2024,-0.000787965,0.069999695,-0.06000042,0.027748804,0.044777212,1048000,0.278828554,556300,535555,12.52000046,12.59000015
5/14/2024,-0.007097804,0.069999695,0,0.027748908,0.045569502,661900,-0.368416031,606520,544730,12.56000042,12.63000011
5/15/2024,0.003177122,0.119999886,0.050000191,0.028809867,0.041927305,1068100,0.613687868,758460,540365,12.69999981,12.81999969
5/16/2024,0.015043514,0.079999924,-0.039999962,0.028809867,0.042414057,503700,-0.528414942,820240,518930,12.81000042,12.89000034
5/17/2024,0.005460269,0.109999657,0.029999733,0.023452107,0.03515386,604000,0.199126464,777140,514280,12.86999989,12.97999954
5/20/2024,0.006982094,0.059999466,-0.050000191,0.025884453,0.026212805,461000,-0.236754967,659740,505735,12.93000031,12.98999977
5/21/2024,0.000770434,0.100000381,0.040000916,0.024083325,0.02603651,810300,0.757700651,689420,497635,12.89999962,13
5/22/2024,0.000769841,0.170000076,0.069999695,0.04159343,0.030860565,869200,0.072689127,649640,512005,12.72999954,12.89999962
5/23/2024,-0.007692337,0.13999939,-0.030000687,0.041593361,0.030860499,757500,-0.128508974,700400,530895,12.80000019,12.93999958
5/24/2024,0.003100772,0.109999657,-0.029999733,0.041593361,0.030590704,386100,-0.49029703,656820,534920,12.59000015,12.69999981
5/28/2024,-0.018547124,0.079999924,-0.029999733,0.035355272,0.030949902,440300,0.14037814,652680,537715,12.76000023,12.84000015
5/29/2024,0.011023649,0.090000153,0.010000229,0.037013456,0.028672345,531800,0.207812855,596980,548730,12.67000008,12.76000023
5/30/2024,-0.006230524,0.090000153,0,0.02387438,0.028446589,310000,-0.417074088,485140,552990,12.59000015,12.68000031
5/31/2024,-0.006269586,0.079999924,-0.010000229,0.01224734,0.028543542,320900,0.03516129,397820,558040,12.56000042,12.64000034
6/3/2024,-0.003154571,0.099999428,0.019999504,0.00836645,0.028372471,695900,1.168588345,459780,574110,12.72000027,12.81999969
6/4/2024,0.014240455,0.070000648,-0.029998779,0.011401388,0.028909946,597300,-0.141687024,491180,589975,12.77999973,12.85000038
6/5/2024,0.002340147,0.090000153,0.019999504,0.011401388,0.02837711,696900,0.166750377,524200,604280,12.85999966,12.94999981
6/6/2024,0.007782056,0.119999886,0.029999733,0.019235105,0.027644341,379500,-0.455445545,538100,607835,12.77999973,12.89999962
6/7/2024,-0.003861019,0.079999924,-0.039999962,0.019235105,0.027644341,307600,-0.189459816,535440,613475,12.77000046,12.85000038
6/10/2024,-0.00387591,0.100000381,0.020000458,0.019235205,0.026611208,292800,-0.048114434,454820,587140,12.78999996,12.89000034
6/11/2024,0.003112837,0.159999847,0.059999466,0.031622671,0.029361583,440800,0.505464481,423520,556780,12.64000034,12.80000019
6/12/2024,-0.006982168,0.100000381,-0.059999466,0.030331379,0.028446562,596200,0.352540835,403380,553495,12.85999966,12.96000004
6/13/2024,0.012499988,0.079999924,-0.020000458,0.032863293,0.028557362,483300,-0.189365985,424140,524255,12.86999989,12.94999981
6/14/2024,-0.000771623,0.130000114,0.050000191,0.031304846,0.028855303,1332700,1.757500517,629160,565705,12.61999989,12.75
6/17/2024,-0.015444001,0.109999657,-0.020000458,0.030495849,0.028855303,372300,-0.720642305,645060,554120,12.57999992,12.68999958
6/18/2024,-0.004705915,0.119999886,0.010000229,0.019235378,0.027222178,537500,0.443728176,664400,557945,12.63000011,12.75
6/20/2024,0.004728166,0.279999733,0.159999847,0.078294257,0.047406317,962200,0.790139535,737600,565540,12.42000008,12.69999981
6/21/2024,-0.003921584,0.050000191,-0.229999542,0.085264166,0.047672003,456100,-0.525982124,732160,544885,12.42000008,12.47000027
6/24/2024,-0.0181102,0.06000042,0.010000229,0.09235779,0.048286305,424000,-0.070379303,550420,528210,12.22999954,12.28999996
6/25/2024,-0.014434667,0.070000648,0.010000229,0.095550745,0.048892869,618800,0.459433962,599720,539845,12.23999977,12.31000042
6/26/2024,0.001627377,0.13999939,0.069998741,0.096176593,0.049246794,606300,-0.020200388,613480,548145,12.26000023,12.39999962
6/27/2024,0.007311064,0.130000114,-0.009999275,0.041832648,0.049374879,152600,-0.748309418,451560,529185,12.26000023,12.39000034
6/28/2024,-0.000806393,0.11000061,-0.019999504,0.035636684,0.049193335,737500,3.832896461,507840,550560,12.14999962,12.26000023
7/1/2024,-0.010492341,0.130000114,0.019999504,0.027928078,0.048911678,203900,-0.723525424,463820,544710,12.22000027,12.35000038
7/2/2024,0.007340958,0.079999924,-0.050000191,0.02387454,0.049361549,403300,0.977930358,420720,530080,12.35999966,12.43999958
7/3/2024,0.007287384,0.06000042,-0.019999504,0.031144786,0.049841697,154900,-0.615918671,330440,507960,12.39999962,12.46000004
7/5/2024,0.001607754,0.069999695,0.009999275,0.029154854,0.050460893,361000,1.33053583,372120,491165,12.40999985,12.47999954
7/8/2024,0.001605097,0.059999466,-0.010000229,0.029154854,0.051544459,265300,-0.265096953,277680,485455,12.38000011,12.43999958
7/9/2024,-0.003205125,0.090000153,0.030000687,0.013038484,0.051327013,341000,0.285337354,305100,487125,12.43999958,12.52999973
7/10/2024,0.007234739,0.099999428,0.009999275,0.018165793,0.051327019,200300,-0.412609971,264500,482500,12.39000034,12.48999977
7/11/2024,-0.003192335,0.069999695,-0.029999733,0.016431734,0.050325171,174000,-0.131303045,268320,469160,12.43000031,12.5
7/12/2024,0.000800659,0.079999924,0.010000229,0.015811449,0.050565142,187300,0.076436782,233580,448715,12.42000008,12.5
7/15/2024,0,0.109999657,0.029999733,0.015811298,0.050353921,680600,2.633742659,316640,458580,12.34000015,12.44999981
7/16/2024,-0.004000015,0.070000648,-0.039999008,0.018165609,0.05041657,332200,-0.511901264,314880,408555,12.31999969,12.39000034
7/17/2024,-0.004819234,0.099999428,0.029998779,0.018165609,0.050356512,969400,1.918121613,468700,438410,12.06000042,12.15999985
7/18/2024,-0.018563397,0.159999847,0.06000042,0.035071152,0.05200191,369500,-0.618836394,507800,430010,12.13000011,12.28999996
7/19/2024,0.010690799,0.079999924,-0.079999924,0.035071152,0.030590563,299600,-0.18917456,530260,396880,12.03999996,12.11999989
7/22/2024,-0.01383239,0.06000042,-0.019999504,0.039748948,0.029960375,312500,0.04305741,456640,389700,12.03999996,12.10000038
7/23/2024,-0.001650124,0.119999886,0.059999466,0.038470607,0.029642503,737200,1.35904,537640,405360,11.85999966,11.97999954
7/24/2024,-0.009917424,0.109999657,-0.010000229,0.038470583,0.029249299,384100,-0.478974498,420580,393625,11.86999989,11.97999954
7/25/2024,0,0.089999199,-0.020000458,0.02387446,0.027414905,308500,-0.196823744,408380,378735,11.89000034,11.97999954
7/26/2024,0,0.099999428,0.010000229,0.02302151,0.026132195,215700,-0.300810373,391600,381890,11.97000027,12.06999969
7/29/2024,0.007512534,0.11000061,0.010001183,0.011402099,0.026132195,309400,0.434399629,390980,360485,11.97999954,12.09000015
7/30/2024,0.001657039,0.079999924,-0.030000687,0.013038594,0.024708746,229500,-0.258241758,289440,361765,11.94999981,12.02999973
7/31/2024,-0.004962814,0.06000042,-0.019999504,0.019235304,0.025525931,260000,0.132897603,264620,354600,12.06999969,12.13000011
8/1/2024,0.008312584,0.170000076,0.109999657,0.041593235,0.030344473,693600,1.667692308,341640,381535,11.68999958,11.85999966
8/2/2024,-0.0222589,0.109999657,-0.06000042,0.0415932,0.029960446,543300,-0.216695502,407160,390650,11.72000027,11.82999992
8/5/2024,-0.002529489,0.210000038,0.100000381,0.062689664,0.038030416,884500,0.628013989,522180,421610,11.25,11.46000004
8/6/2024,-0.031276406,0.159999847,-0.050000191,0.058051609,0.03985166,335900,-0.620237422,543460,421355,11.56000042,11.72000027
8/7/2024,0.022687629,0.119999886,-0.039999962,0.040373391,0.039904447,298800,-0.110449539,551220,426280,11.71000004,11.82999992
8/8/2024,0.009385636,0.120000839,9.54E-07,0.041593235,0.038919575,118200,-0.604417671,436140,423490,11.72999954,11.85000038
8/9/2024,0.001690656,0.099999428,-0.020001411,0.04381785,0.038333676,198900,0.682741117,367260,424070,11.81000042,11.90999985
8/12/2024,0.005063246,0.050000191,-0.049999237,0.039999962,0.04076887,214400,0.077928607,233240,400760,11.84000015,11.89000034
8/13/2024,-0.00167922,0.11000061,0.06000042,0.029154854,0.039722702,234300,0.092817164,212920,395865,11.77999973,11.89000034
8/14/2024,0,0.069999695,-0.040000916,0.029155018,0.040714009,98600,-0.579172002,172880,352325,11.81000042,11.88000011
8/15/2024,-0.000841062,0.049999237,-0.020000458,0.027928692,0.040962161,189800,0.92494929,187200,343340,11.81000042,11.85999966
8/16/2024,-0.00168354,0.109999657,0.06000042,0.030331724,0.04058459,371600,0.957850369,221740,346940,12.03999996,12.14999962
8/19/2024,0.024451937,0.150000572,0.040000916,0.038987678,0.040262409,279900,-0.246770721,234840,345310,12.19999981,12.35000038
8/20/2024,0.016460969,0.119999886,-0.030000687,0.040000439,0.040262409,205600,-0.265451947,229100,318730,12.35999966,12.47999954
8/21/2024,0.010526248,0.06000042,-0.059999466,0.042071628,0.041785874,263400,0.281128405,262060,312695,12.48999977,12.55000019
8/22/2024,0.005609027,0.100000381,0.039999962,0.032710845,0.041624949,180200,-0.3158694,260140,306280,12.40999985,12.51000023
8/23/2024,-0.003187248,0.079999924,-0.020000458,0.034928561,0.042065168,282800,0.56936737,242380,309635,12.48999977,12.56999969
8/26/2024,0.00479612,0.069999695,-0.010000229,0.024083146,0.042858463,161300,-0.429632249,218660,302230,12.51000023,12.57999992
8/27/2024,0.000795563,0.079999924,0.010000229,0.014832447,0.042858463,232800,0.443273404,224100,302395,12.59000015,12.67000008
8/28/2024,0.007154225,0.130000114,0.050000191,0.02387484,0.041836243,500600,1.150343643,271540,314425,12.47000027,12.60000038
8/29/2024,-0.005524838,0.079999924,-0.050000191,0.0238748,0.039656517,198300,-0.60387535,275160,289660,12.5,12.57999992
8/30/2024,-0.001587338,0.109999657,0.029999733,0.025099881,0.039656517,148500,-0.251134644,248300,269920,12.52000046,12.63000011
9/3/2024,0.003974578,0.190000534,0.080000877,0.045497518,0.037006565,373400,1.514478114,290720,244365,12.35999966,12.55000019
9/4/2024,-0.006334119,0.099999428,-0.090001106,0.042071708,0.03448894,230500,-0.382699518,290260,239095,12.47000027,12.56999969
9/5/2024,0.001593586,0.06000042,-0.039999008,0.049699244,0.035258614,89800,-0.610412148,208100,228645,12.48999977,12.55000019
9/6/2024,-0.00159105,0.13999939,0.07999897,0.048476875,0.036215828,206300,1.297327394,209700,233050,12.55000019,12.68999958
9/9/2024,0.01115533,0.159999847,0.020000458,0.05099024,0.038784237,237100,0.14929714,227420,234960,12.47000027,12.63000011
9/10/2024,-0.00472809,0.279999733,0.119999886,0.083186412,0.0539859,227900,-0.038802193,198320,235635,12.28999996,12.56999969
9/11/2024,-0.004750627,0.13999939,-0.140000343,0.079246279,0.054328458,326500,0.432645897,217520,240245,12.31000042,12.44999981
9/12/2024,-0.009546531,0.050000191,-0.089999199,0.082340642,0.055355307,170900,-0.476569678,233740,243860,12.36999989,12.42000008
9/13/2024,-0.002409617,0.109999657,0.059999466,0.084675741,0.053350827,324000,0.895845524,257280,250570,12.32999992,12.43999958
9/16/2024,0.001610266,0.070000648,-0.039999008,0.090829253,0.054328358,206900,-0.361419753,251240,242335,12.18999958,12.26000023
9/17/2024,-0.014469402,0.059999466,-0.010001183,0.037815046,0.054913733,257900,0.246495892,257240,241235,12.42000008,12.47999954
9/18/2024,0.017944479,0.090000153,0.030000687,0.024083087,0.055021449,133500,-0.482357503,218640,237630,12.40999985,12.5
9/19/2024,0.001602601,0.079999924,-0.010000229,0.019235329,0.05427992,174800,0.309363296,219420,233200,12.53999996,12.61999989
9/20/2024,0.009599991,0.050000191,-0.029999733,0.015811449,0.055845115,129300,-0.260297483,180480,230655,12.52999973,12.57999992
9/23/2024,-0.003169569,0.050000191,0,0.018165898,0.056985608,106200,-0.178654292,160340,221825,12.55000019,12.60000038
9/24/2024,0.001589862,0.06000042,0.010000229,0.018165819,0.057351534,276100,1.599811676,163980,227565,12.61999989,12.68000031
9/25/2024,0.0063492,0.119999886,0.059999466,0.029495597,0.057149281,534500,0.935892792,244180,242650,12.71000004,12.82999992
9/26/2024,0.011829623,0.11000061,-0.009999275,0.034205237,0.05689083,1236800,1.31393826,456580,279460,12.73999977,12.85000038
9/27/2024,0.001558882,0.089999199,-0.020001411,0.030495818,0.05669855,230800,-0.813389392,476880,281085,12.77000046,12.85999966
9/30/2024,0.000778154,0.11000061,0.020001411,0.0238747,0.056698554,488400,1.116117851,553320,298080,12.72999954,12.84000015
10/1/2024,-0.001555171,0.150000572,0.039999962,0.021909273,0.054231353,260300,-0.467035217,550160,292425,12.73999977,12.89000034
10/2/2024,0.003894096,0.070000648,-0.079999924,0.029664959,0.054760103,229300,-0.119093354,489120,292365,12.68999958,12.76000023
10/3/2024,-0.010085346,0.160000801,0.090000153,0.038471041,0.055238631,232000,0.011774967,288160,299475,12.47999954,12.64000034
10/4/2024,-0.00940438,0.06000042,-0.100000381,0.045277014,0.055656296,234900,0.0125,288980,300905,12.44999981,12.51000023
10/7/2024,-0.010284819,0.099999428,0.039999008,0.045497393,0.054044268,409800,0.744572158,273260,309540,12.39000034,12.48999977
10/8/2024,-0.001598758,0.069999695,-0.029999733,0.04086581,0.034027879,249500,-0.391166423,271100,310620,12.40999985,12.47999954
10/9/2024,-0.000800659,0.11000061,0.040000916,0.039370335,0.032326565,202100,-0.18997996,265660,304400,12.48999977,12.60000038
10/10/2024,0.009615452,0.090000153,-0.020000458,0.020736456,0.031030657,183300,-0.093023256,255920,305020,12.47000027,12.56000042
10/11/2024,-0.0031746,0.159999847,0.069999695,0.033615519,0.034504086,246700,0.345881069,258280,301155,12.51000023,12.67000008
10/14/2024,0.008757934,0.100000381,-0.059999466,0.033615476,0.034101344,174300,-0.293473855,211180,299525,12.53999996,12.64000034
10/15/2024,-0.002367777,0.109999657,0.009999275,0.027018354,0.033261379,366000,1.099827883,234480,304930,12.35000038,12.46000004
10/16/2024,-0.01424053,0.100000381,-0.009999275,0.027748701,0.033225758,152300,-0.583879781,224520,305870,12.31999969,12.42000008
10/17/2024,-0.00321027,0.109999657,0.009999275,0.025099653,0.033070934,180600,0.185817466,223980,306160,12.28999996,12.39999962
10/18/2024,-0.001610343,0.090000153,-0.019999504,0.008366336,0.031102589,334100,0.849944629,241460,316400,12.23999977,12.32999992
10/21/2024,-0.005645137,0.050000191,-0.039999962,0.024899622,0.031102589,240300,-0.280754265,254660,323105,12.21000004,12.26000023
10/22/2024,-0.005677185,0.069999695,0.019999504,0.024083146,0.030483041,202700,-0.156471078,222000,319435,12.09000015,12.15999985
10/23/2024,-0.008156638,0.140000343,0.070000648,0.034928561,0.031435084,1231700,5.076467686,437880,354295,12.02999973,12.17000008
10/24/2024,0.000822387,0.11000061,-0.029999733,0.034928684,0.031435084,574600,-0.533490298,516680,321185,11.93999958,12.05000019
10/25/2024,-0.009860303,0.099999428,-0.010001183,0.035071506,0.03130504,306400,-0.466759485,511140,324965,11.89000034,11.98999977
10/28/2024,-0.004979288,0.069999695,-0.029999733,0.029496082,0.032101915,436400,0.424281984,550360,322365,11.89000034,11.96000004
10/29/2024,-0.002502063,0.080000877,0.010001183,0.027386232,0.030240311,378300,-0.133134739,585480,328265,11.93999958,12.02000046
10/30/2024,0.005016757,0.090000153,0.009999275,0.015811449,0.029607148,194500,-0.485857785,378040,326525,11.86999989,11.96000004
10/31/2024,-0.004991715,0.090000153,0,0.011401597,0.02585383,514200,1.643701799,365960,340635,11.86999989,11.96000004
11/1/2024,0,0.140000343,0.050000191,0.027018601,0.026337924,587600,0.142746013,422200,358270,11.78999996,11.93000031
11/4/2024,-0.002508339,0.090000153,-0.050000191,0.02387462,0.026412755,409700,-0.302756978,416860,358265,11.71000004,11.80000019
11/5/2024,-0.010896908,0.070000648,-0.019999504,0.026076766,0.026412701,250800,-0.387844764,391360,358330,11.73999977,11.81000042
11/6/2024,0.000847477,0.130000114,0.059999466,0.029664701,0.027236752,779000,2.106060606,508260,387175,11.90999985,12.03999996
11/7/2024,0.019474982,0.039999962,-0.090000153,0.041593304,0.030279394,561700,-0.278947368,517760,406095,11.98999977,12.02999973
11/8/2024,-0.000830584,0.06000042,0.020000458,0.034205237,0.02745332,232500,-0.586077978,446740,405385,11.89999962,11.96000004
11/11/2024,-0.005818761,0.079999924,0.019999504,0.033615448,0.027510775,454600,0.955268817,455720,419400,11.90999985,11.98999977
11/12/2024,0.002508339,0.099999428,0.019999504,0.03492841,0.027236795,348800,-0.232732072,475320,418540,11.80000019,11.89999962
11/13/2024,-0.007506268,0.079999924,-0.019999504,0.022803278,0.027236793,305500,-0.124139908,380620,426200,11.76000023,11.84000015
11/14/2024,-0.005041972,0.109999657,0.029999733,0.019493252,0.027236793,405500,0.327332242,349380,437445,11.59000015,11.69999981
11/15/2024,-0.011824353,0.120000839,0.010001183,0.017888767,0.028078891,401600,-0.009617756,383200,440820,11.39999962,11.52000046
11/18/2024,-0.01538456,0.069999695,-0.050001144,0.020736709,0.026872097,237000,-0.409860558,339680,440655,11.47000027,11.53999996
11/19/2024,0.001736068,0.050000191,-0.019999504,0.028809883,0.028078891,216400,-0.086919831,313200,441340,11.35999966,11.40999985
11/20/2024,-0.011265175,0.069999695,0.019999504,0.029664991,0.025930119,271300,0.253696858,306360,393320,11.43000031,11.5
11/21/2024,0.007887831,0.069999695,0,0.026077169,0.025644367,255500,-0.058238113,276360,377365,11.57999992,11.64999962
11/22/2024,0.013043445,0.179999352,0.109999657,0.052153378,0.033162221,1517000,4.937377691,499440,437895,11.52000046,11.69999981
11/25/2024,0.004291862,0.079999924,-0.099999428,0.051477893,0.032927283,404900,-0.733091628,533020,436320,11.64000034,11.72000027
11/26/2024,0.001709441,0.079999924,0,0.047222684,0.032927298,544800,0.345517412,598700,444645,11.69999981,11.77999973
11/27/2024,0.005119408,0.079999924,0,0.046043238,0.033003137,170500,-0.687041116,578540,443445,11.64999962,11.72999954
11/29/2024,-0.004244498,0.079999924,0,0.044721104,0.033070845,351300,1.060410557,597700,435300,11.69999981,11.77999973
12/2/2024,0.004262591,0.06000042,-0.019999504,0.00894405,0.031372024,531300,0.512382579,400560,432485,11.69999981,11.76000023
12/3/2024,-0.001697751,0.070000648,0.010000229,0.008943997,0.031522635,308300,-0.419725202,381240,427415,11.60999966,11.68000031
12/4/2024,-0.006802714,0.069999695,-9.54E-07,0.008366393,0.031522657,408800,0.325981187,354040,435315,11.51000023,11.57999992
12/5/2024,-0.008561676,0.100000381,0.030000687,0.015165752,0.029890045,670400,0.639921722,454020,429885,11.86999989,11.97000027
12/6/2024,0.033678786,0.050000191,-0.050000191,0.018708333,0.029217753,221400,-0.669749403,428040,412870,11.93999958,11.98999977
12/9/2024,0.001670802,0.059999466,0.009999275,0.01870846,0.029217793,304500,0.375338753,382680,416470,11.97000027,12.02999973
12/10/2024,0.00333611,0.069999695,0.010000229,0.01870846,0.029357071,359900,0.181937603,393000,411735,11.92000008,11.98999977
12/11/2024,-0.003325018,0.070000648,9.54E-07,0.01870846,0.029181752,163100,-0.546818561,343860,402450,11.89999962,11.97000027
12/12/2024,-0.001668015,0.06000042,-0.010000229,0.008366621,0.029558062,229100,0.404659718,255600,398630,11.81999969,11.88000011
12/13/2024,-0.00751881,0.090000153,0.029999733,0.012247534,0.028818787,944000,3.12047141,400120,425555,11.72999954,11.81999969
12/16/2024,-0.00505054,0.079999924,-0.010000229,0.011401639,0.02716408,306100,-0.675741525,400440,420780,11.76000023,11.84000015
12/17/2024,0.001692086,0.079999924,0,0.011401555,0.027120446,396200,0.294348252,407700,428740,11.71000004,11.78999996
12/18/2024,-0.004222989,0.170000076,0.090000153,0.042778453,0.033288908,326000,-0.177183241,440280,434220,11.64000034,11.81000042
12/19/2024,0.001696392,0.159999847,-0.010000229,0.045055515,0.037219013,606000,0.858895706,515660,450955,11.59000015,11.75
12/20/2024,-0.005080476,0.130000114,-0.029999733,0.042778531,0.03809948,501000,-0.173267327,427060,463230,11.60999966,11.73999977
12/23/2024,-0.000851083,0.079999924,-0.050000191,0.042778531,0.031854907,301800,-0.39760479,426200,402470,11.60999966,11.68999958
12/24/2024,-0.00425896,0.050000191,-0.029999733,0.051671989,0.032843294,171500,-0.431742876,381260,390800,11.63000011,11.68000031
12/26/2024,-0.00085537,0.090000153,0.039999962,0.043243406,0.032847299,144000,-0.160349854,344860,370760,11.64999962,11.73999977
12/27/2024,0.00513694,0.100000381,0.010000229,0.029154773,0.032991197,528100,2.667361111,329280,388640,11.52999973,11.63000011
12/30/2024,-0.009369647,0.079999924,-0.020000458,0.018708333,0.032991197,347500,-0.341980685,298580,388450,11.48999977,11.56999969
12/31/2024,-0.005159107,0.080000877,9.54E-07,0.018708333,0.032460477,404800,0.164892086,319180,382125,11.47999954,11.56000042
